Date,Temperature,W_speed,W_direction,Humidity,Shandong,Seoul
2014-01-01,4,3.7,12,51.3,,125
2014-01-02,1.5,2,13,35.4,,56
2014-01-03,2.3,2.5,2,54.4,,59
2014-01-04,-0.1,2.4,12,47.1,,51
2014-01-05,-0.8,1.9,12,48.4,,45
2014-01-06,0.8,1.6,2,50.4,,69
2014-01-07,3,1.7,1,56,,85
2014-01-08,0.5,3.3,13,56.6,,71
2014-01-09,-7.8,3.6,13,26.3,,22
2014-01-10,-4.7,2,12,48.6,,35
2014-01-11,-1.7,1.9,13,44.1,,52
2014-01-12,-2.4,3.4,14,43.5,,63
2014-01-13,-6.2,2.9,13,26,,34
2014-01-14,-4.3,2.2,12,33.8,,46
2014-01-15,-2.9,1.7,12,42,,56
2014-01-16,0.1,1.9,2,59.9,,110
2014-01-17,-0.1,1.6,12,55.9,,120
2014-01-18,-2.2,3.1,13,42.4,,64
2014-01-19,-2.6,1.9,1,44.8,,50
2014-01-20,-1.5,3.2,3,83.3,,66
2014-01-21,-5.5,2.4,13,62.6,,115
2014-01-22,-3.9,1.6,13,60,,95
2014-01-23,-0.8,2.1,2,65.6,,57
2014-01-24,3,2.6,2,64.4,,62
2014-01-25,4.2,2.4,13,74.4,,49
2014-01-26,-2.1,2.7,13,42.1,,38
2014-01-27,0.2,2.6,2,48,,41
2014-01-28,1.5,2.9,13,52.8,,32
2014-01-29,2.2,2.2,2,40.1,,40
2014-01-30,4,3,12,66.1,,31
2014-01-31,1.3,2.2,3,26.1,,23
2014-02-01,4.9,3.4,3,63.8,,24
2014-02-02,4.9,2,12,91.6,,21
2014-02-03,-3.5,4.3,14,38.5,,70
2014-02-04,-7.4,3.4,13,25.9,,44
2014-02-05,-4.8,2,12,27.5,,47
2014-02-06,-1.3,1.7,1,29.8,,46
2014-02-07,2.4,4.8,14,47.3,,15
2014-02-08,0.2,4.3,13,79.4,,12
2014-02-09,-1.6,2.7,13,76.5,,22
2014-02-10,-0.1,2.5,3,55,,24
2014-02-11,0.2,3.2,3,42.1,,18
2014-02-12,1.2,2.5,3,49.3,,22
2014-02-13,1.9,2.2,3,46.1,,23
2014-02-14,2.7,3.1,3,47.3,,18
2014-02-15,2.7,2.7,2,54.6,,30
2014-02-16,2.8,1.7,2,53.3,,58
2014-02-17,4.2,2,2,45.5,,82
2014-02-18,2.5,3.5,2,45.9,,23
2014-02-19,2.1,2.6,2,48.6,,31
2014-02-20,1.2,2.8,12,61.5,,65
2014-02-21,0.9,2.6,12,49.1,,65
2014-02-22,2.2,2.1,13,49.3,,97
2014-02-23,3.1,2.1,13,50.6,,107
2014-02-24,4.1,2.3,13,58,,164
2014-02-25,5.7,2,12,59.9,,179
2014-02-26,8.4,1.9,2,44.9,,132
2014-02-27,7.7,2.8,12,55.4,,116
2014-02-28,6.7,2.3,3,58.8,,115
2014-03-01,6,2.6,12,61.1,,94
2014-03-02,4.5,3,13,46.4,,35
2014-03-03,5.2,2,13,34.4,,60
2014-03-04,6.3,2.9,12,48,,86
2014-03-05,1.4,4.4,13,44.8,,61
2014-03-06,0.3,3.6,13,43.4,,36
2014-03-07,-0.6,3.8,12,45.9,,34
2014-03-08,2,2.5,12,55,,45
2014-03-09,1.4,3.6,13,56.4,,40
2014-03-10,1.5,3,12,50.4,,42
2014-03-11,4.5,2.8,11,65,,52
2014-03-12,6.9,1.5,1,75.8,,40
2014-03-13,5.2,4,3,54.5,,45
2014-03-14,3.4,3.6,12,54.6,,63
2014-03-15,6.8,4,10,66.8,,102
2014-03-16,11.3,2.3,10,68.3,,100
2014-03-17,12.6,3.5,10,79,,63
2014-03-18,10.5,3.5,12,75.3,,141
2014-03-19,9.6,2.9,3,65.5,,131
2014-03-20,6.3,3.2,13,71.3,,70
2014-03-21,5.9,3.4,12,52.5,,33
2014-03-22,8.6,2.5,11,63.5,,60
2014-03-23,9.6,3,11,63.6,,83
2014-03-24,10.9,3.5,10,60.5,,54
2014-03-25,14.6,2.7,10,75.9,,58
2014-03-26,15.4,2.8,11,64.6,,67
2014-03-27,13.5,2.8,11,68.9,,93
2014-03-28,16.6,2.6,11,57.3,,115
2014-03-29,15,2.5,3,73.4,,51
2014-03-30,14.9,3.1,3,63.5,,39
2014-03-31,14.5,2.3,12,49.3,,70
2014-04-01,15.6,2.4,11,33.8,,77
2014-04-02,15.5,2.7,12,30,,66
2014-04-03,10.2,3.1,12,63,,60
2014-04-04,6.6,3.4,13,52.6,,29
2014-04-05,6.2,3,12,60.5,,45
2014-04-06,7.4,4,11,50.6,,44
2014-04-07,10.3,3.4,10,64.9,,70
2014-04-08,11.9,2.6,12,60.9,,51
2014-04-09,10.3,3,12,85.3,,69
2014-04-10,12.5,2.4,11,71.5,,63
2014-04-11,13.6,2.8,12,69.5,,69
2014-04-12,14.3,1.7,13,68.8,,77
2014-04-13,17.2,2.2,3,54.9,,75
2014-04-14,16.3,2.7,12,53.3,,71
2014-04-15,12.9,3.2,12,80.1,,79
2014-04-16,14,1.8,10,81,,158
2014-04-17,14.7,1.9,2,67.4,,92
2014-04-18,15.9,2.6,2,59.9,,64
2014-04-19,14,4.5,3,56,,47
2014-04-20,14.6,3.4,3,54.4,,42
2014-04-21,15.1,3,13,55.1,,56
2014-04-22,16,2.8,12,43.1,,60
2014-04-23,17.2,2.5,13,49.4,,92
2014-04-24,18.6,2,12,49,,114
2014-04-25,19,2.2,2,32.5,,67
2014-04-26,18.7,2.4,12,38.9,,54
2014-04-27,15.6,2.3,2,86.6,,26
2014-04-28,13.6,4.6,3,91.6,,13
2014-04-29,15,4,2,69.5,,18
2014-04-30,16.1,2.1,2,62.1,,28
2014-05-01,16,3.2,11,60.5,,56
2014-05-02,15.7,3.6,10,70.9,,83
2014-05-03,13.1,3.9,12,54.6,,30
2014-05-04,12.3,3.8,10,57.8,,45
2014-05-05,11.3,5.1,11,56.5,,42
2014-05-06,13.1,3.4,10,45.9,,45
2014-05-07,15.7,3.8,2,48.3,,49
2014-05-08,14.5,4.2,11,83.9,,34
2014-05-09,16.8,2,12,60.8,,47
2014-05-10,20.5,2.1,3,43.4,,41
2014-05-11,18.9,3.4,3,54.4,,34
2014-05-12,16.4,5.2,10,79.1,,43
2014-05-13,19.2,4,11,69.9,,94
2014-05-14,19.6,3.5,12,59.1,,80
2014-05-15,18.2,4,12,66.9,,53
2014-05-16,19,2.9,12,50.3,,56
2014-05-17,20,2.3,13,48,,61
2014-05-18,20.3,2.4,11,50.1,,53
2014-05-19,20,2.3,12,55.1,,61
2014-05-20,21.5,2.2,12,45.4,,75
2014-05-21,20.1,3.7,12,65.3,,60
2014-05-22,20.9,2.5,12,63.4,,53
2014-05-23,22,2.9,10,68.4,,73
2014-05-24,21.3,2.3,12,68.8,,68
2014-05-25,20.5,2.4,7,78.9,,49
2014-05-26,19.4,4,11,67.4,,89
2014-05-27,22.8,4.2,10,49.5,,170
2014-05-28,24,2.5,12,60.8,,184
2014-05-29,23.2,2.8,11,54.6,,135
2014-05-30,24.8,2.1,13,42.5,,79
2014-05-31,26.2,2.6,11,50.3,,117
2014-06-01,24.7,1.9,12,58.1,,93
2014-06-02,22.6,2.2,3,73.5,,85
2014-06-03,18.7,3.5,3,95.3,,25
2014-06-04,22.8,4.3,3,61.5,,21
2014-06-05,22.9,2.9,3,58.8,,18
2014-06-06,24.4,2.4,2,58.9,,28
2014-06-07,23.5,2.4,12,65.1,,37
2014-06-08,21.4,3,11,75.3,,32
2014-06-09,22.9,2.3,13,70.8,,42
2014-06-10,23.6,2.1,3,72,,35
2014-06-11,20.5,1.9,1,87.1,,38
2014-06-12,21.2,2.8,2,73.9,,42
2014-06-13,21.3,2.9,10,79,,53
2014-06-14,22.5,3.3,12,71.6,,41
2014-06-15,23.2,3.3,12,69.9,,42
2014-06-16,23.9,2.5,12,66.4,,39
2014-06-17,24.5,1.9,11,71.8,,77
2014-06-18,24.4,3,12,71.3,,60
2014-06-19,22.5,3.5,11,79.3,,50
2014-06-20,24.2,1.6,13,76.5,,52
2014-06-21,23.1,2.7,3,80.9,,23
2014-06-22,23.7,1.8,2,74.4,,22
2014-06-23,21,1.4,2,91.4,,30
2014-06-24,22.9,2.4,11,74.6,,37
2014-06-25,23.8,2.3,12,74.1,,52
2014-06-26,24.4,2.4,12,68,,45
2014-06-27,24.1,2.8,12,74.8,,34
2014-06-28,23.8,3.8,12,71.6,,38
2014-06-29,24.1,2.1,9,70.3,,33
2014-06-30,25.3,2.7,12,68,,37
2014-07-01,26,2.1,12,67.8,,44
2014-07-02,25.7,2.5,13,77.3,,78
2014-07-03,22.6,2.8,2,85.5,,22
2014-07-04,26.8,2.4,3,62.1,,19
2014-07-05,25.7,2.1,12,70.4,,32
2014-07-06,25.7,2.1,6,65.8,,26
2014-07-07,27.1,2.3,12,61.4,,38
2014-07-08,25.9,1.9,12,73,,29
2014-07-09,27.6,2.2,3,78.3,,22
2014-07-10,28.9,2.9,13,57.9,,35
2014-07-11,27.1,4,11,63.4,,63
2014-07-12,25.3,3.2,10,74.3,,77
2014-07-13,25.4,3.3,11,73.4,,56
2014-07-14,26.4,3.3,11,70.8,,81
2014-07-15,26.8,2.4,10,69.4,,91
2014-07-16,26.6,2.7,12,68.4,,51
2014-07-17,25.9,3.1,11,75.9,,23
2014-07-18,26.1,2.6,10,80.5,,18
2014-07-19,27,2.4,12,79.8,,46
2014-07-20,27.9,2.6,12,75.8,,58
2014-07-21,27.3,3,10,73.9,,52
2014-07-22,25.9,4.4,10,83.9,,19
2014-07-23,23.6,3.2,10,90,,19
2014-07-24,21.9,2,3,92.8,,12
2014-07-25,27.5,2.9,7,81.9,,17
2014-07-26,22.6,6.4,10,86.1,,36
2014-07-27,25,1.9,9,75,,81
2014-07-28,26.6,1.9,2,71.6,,61
2014-07-29,26.5,2.5,8,68.4,,40
2014-07-30,28.6,2.2,10,70.6,,28
2014-07-31,28.6,2.1,2,75.9,,27
2014-08-01,30.2,2.6,3,63.4,,17
2014-08-02,31.4,3.9,3,55,,14
2014-08-03,26.5,4.2,3,87.6,,10
2014-08-04,26.4,2.1,2,93,,11
2014-08-05,26.6,3.2,10,87.5,,51
2014-08-06,24.4,2.2,12,92.4,,44
2014-08-07,24.7,1.5,12,91.1,,45
2014-08-08,26.1,3.8,3,62.3,,22
2014-08-09,26.5,4.6,3,48.4,,20
2014-08-10,23.4,2.6,2,79.4,,11
2014-08-11,23.7,2.2,12,78.4,,26
2014-08-12,25.8,2.7,12,77.8,,61
2014-08-13,24.2,2.1,2,75.3,,70
2014-08-14,22.3,2,2,78.6,,29
2014-08-15,24.9,1.7,12,72.9,,33
2014-08-16,26.1,1.8,13,73.9,,40
2014-08-17,24,1.9,2,81.1,,32
2014-08-18,22.3,3.1,3,90,,36
2014-08-19,22.3,1.5,3,96.6,,28
2014-08-20,24.8,1.1,1,86,,36
2014-08-21,23.1,2.4,2,96.5,,20
2014-08-22,24.7,3.1,11,83.4,,73
2014-08-23,25.2,2.7,10,79.5,,79
2014-08-24,25.6,1.3,2,75.5,,56
2014-08-25,25.9,3,3,71.8,,33
2014-08-26,25.4,2.5,3,71.4,,21
2014-08-27,24.6,2.8,3,66.8,,10
2014-08-28,25.1,2.2,2,65.3,,18
2014-08-29,25.2,1.8,2,71.9,,26
2014-08-30,24.6,1.9,3,71.6,,22
2014-08-31,24.1,1.4,2,68.6,,26
2014-09-01,24.1,1.5,2,72.5,,31
2014-09-02,23.1,2.5,3,73.6,,19
2014-09-03,19.1,3.4,3,99.8,,7
2014-09-04,22.4,2.5,12,79.4,,17
2014-09-05,23.8,2.1,11,76,,27
2014-09-06,25.2,1.8,13,66.9,,33
2014-09-07,25.3,1.6,2,72.1,,46
2014-09-08,24.8,2.5,12,75,,48
2014-09-09,23.3,2.1,12,66.5,,64
2014-09-10,22.4,1.5,12,60.6,,27
2014-09-11,23.3,1.8,3,61.1,,35
2014-09-12,21.3,2.1,2,74.9,,36
2014-09-13,23.1,2.3,3,60.9,,20
2014-09-14,23,2.3,3,60.6,,15
2014-09-15,23.1,2.2,12,64.9,,37
2014-09-16,21.3,2.1,13,43.8,,35
2014-09-17,20.2,1.5,12,52.3,,49
2014-09-18,20.6,2,3,56.5,,23
2014-09-19,21.4,1.7,2,55,,29
2014-09-20,21.6,2,3,52.5,,31
2014-09-21,20.2,1.4,2,61.6,,31
2014-09-22,21.4,2,2,57.5,,27
2014-09-23,23,2.5,3,52.1,,22
2014-09-24,20.3,2.6,2,77.9,,16
2014-09-25,22.2,1.7,3,66.9,,23
2014-09-26,21,2.6,3,78.1,,27
2014-09-27,21.4,2.6,12,79,,32
2014-09-28,21.7,1.1,2,85.5,,41
2014-09-29,19.4,1.3,1,99,,42
2014-09-30,18.9,3.1,3,72.5,,21
2014-10-01,19.2,2.6,3,68.6,,24
2014-10-02,18.1,2.2,12,89,,32
2014-10-03,16.1,2.9,12,74.3,,23
2014-10-04,16.9,3.4,3,62,,20
2014-10-05,17.1,3.1,3,53.1,,17
2014-10-06,16.6,1.7,3,57,,20
2014-10-07,16.1,2.4,2,64.8,,32
2014-10-08,16.7,1.5,2,61.5,,36
2014-10-09,18.6,2,14,60.4,,43
2014-10-10,19,3.6,3,63.3,,41
2014-10-11,19.4,3.1,3,57.4,,28
2014-10-12,21.2,1.9,3,48.5,,31
2014-10-13,17.4,4.7,3,51.9,,24
2014-10-14,13.8,2.2,2,51.8,,25
2014-10-15,13.8,2.4,2,60.4,,33
2014-10-16,13.2,3.1,12,53.8,,39
2014-10-17,13.6,1.9,1,53.8,,33
2014-10-18,15.5,1.7,2,68.9,,40
2014-10-19,17,1.7,2,61,,56
2014-10-20,14.4,2.6,3,97.8,,27
2014-10-21,13.8,3.4,3,92.8,,13
2014-10-22,13.6,3,2,69,,15
2014-10-23,13.8,2.1,3,67.8,,31
2014-10-24,15.1,1.8,2,78,,41
2014-10-25,16.5,1.9,2,81.1,,48
2014-10-26,16,2.8,10,76.9,,35
2014-10-27,10.7,3,12,35.3,,45
2014-10-28,10.2,1.4,12,43.4,,60
2014-10-29,12.1,1.7,2,46.4,,58
2014-10-30,14.2,1.5,2,45.8,,63
2014-10-31,15,2.4,3,62.1,,45
2014-11-01,17.3,2.2,12,63.4,,38
2014-11-02,12,4.8,12,50.5,,58
2014-11-03,9.3,3.1,12,40.9,,39
2014-11-04,11.3,1.9,12,60.5,,30
2014-11-05,12.4,1.9,12,65.6,,30
2014-11-06,13.5,2.1,13,61,,56
2014-11-07,9.8,1.9,12,52.5,,50
2014-11-08,9.9,1.4,1,61.9,,58
2014-11-09,10,2.3,13,46.3,,57
2014-11-10,9.4,1.7,2,49.9,,54
2014-11-11,9.4,1.9,2,67.4,,67
2014-11-12,6,5.4,12,50.6,,44
2014-11-13,-0.2,3.7,13,38.5,,88
2014-11-14,4.2,2.2,1,54,,31
2014-11-15,4.1,2.1,13,38.3,,36
2014-11-16,6.6,1.6,1,42.6,,44
2014-11-17,6.2,2.3,14,75.5,,38
2014-11-18,5,2.2,13,53.4,,38
2014-11-19,5.6,1.6,2,55.4,,52
2014-11-20,7.9,1.8,2,61.9,,60
2014-11-21,11.3,2.8,2,62.5,,56
2014-11-22,11,1.9,9,90.9,,47
2014-11-23,9,2,2,80,,63
2014-11-24,9.8,1.3,2,59.8,,67
2014-11-25,10.2,4.2,3,56,,26
2014-11-26,11,2.8,3,58.8,,29
2014-11-27,10.4,1.9,2,69.9,,45
2014-11-28,8.8,3.7,3,88,,25
2014-11-29,8.3,2.1,3,83.9,,19
2014-11-30,9.1,3.2,3,88.1,,13
2014-12-01,-1.1,6.1,13,58.8,,54
2014-12-02,-5.4,4.6,12,42.3,,102
2014-12-03,-3.3,1.9,12,70.6,,27
2014-12-04,-4.6,2.7,13,43,,50
2014-12-05,-6.6,3.6,13,45.5,,34
2014-12-06,-5.6,2.8,13,47.5,,38
2014-12-07,-3.4,1.6,2,43.9,,48
2014-12-08,-1.6,2.6,13,48.4,,44
2014-12-09,-2.4,1.5,13,44.1,,54
2014-12-10,1.6,1.9,9,58.8,,47
2014-12-11,-1.5,3.4,13,64.8,,52
2014-12-12,-3.8,2,12,70.4,,42
2014-12-13,-5.2,3.2,13,45.8,,33
2014-12-14,-3.6,1.5,2,60.5,,35
2014-12-15,-0.1,2.8,3,90.6,,45
2014-12-16,-4.9,4.9,13,58.9,,35
2014-12-17,-9,4.9,13,41,,25
2014-12-18,-8.3,2.3,12,39.9,,31
2014-12-19,-3.8,3.4,3,54.5,,42
2014-12-20,-1.7,3.8,13,66,,33
2014-12-21,-6.4,2.2,13,58.5,,21
2014-12-22,-4.7,2.2,2,64.6,,33
2014-12-23,-1.3,2.6,2,67.1,,41
2014-12-24,1.7,2.8,1,66.8,,56
2014-12-25,-2.6,2.5,12,52,,36
2014-12-26,-3.2,1.9,12,45.6,,42
2014-12-27,-1.8,1.7,1,46.8,,47
2014-12-28,-0.8,2.2,2,64.1,,53
2014-12-29,2.9,2.3,2,73.1,,115
2014-12-30,1.9,2.6,12,62.8,,113
2014-12-31,-1.9,3.8,13,47.4,,45
2015-01-01,-7.7,4.6,13,41.4,106,66
2015-01-02,-6,3.2,12,45.9,106,36
2015-01-03,-2.7,1.9,10,56.1,106,41
2015-01-04,2.5,2,2,70.1,205,46
2015-01-05,3.7,2.4,3,73.1,253,74
2015-01-06,-3.2,4.3,13,52.4,56,44
2015-01-07,-5.5,2.5,12,33.1,135,42
2015-01-08,-5.1,2.2,12,45.8,208,48
2015-01-09,-2.1,2,12,58.3,296,50
2015-01-10,-0.3,2.3,12,56.5,219,41
2015-01-11,-0.4,3.6,13,57.8,148,49
2015-01-12,-2.7,1.8,12,37.8,72,48
2015-01-13,0.2,1.8,2,39.6,114,56
2015-01-14,2.5,1.5,1,41.1,148,72
2015-01-15,2.8,2.1,12,53.6,161,66
2015-01-16,0.8,4,11,73,273,82
2015-01-17,-4.1,3.8,12,46,98,39
2015-01-18,-1.3,2.3,2,68.4,119,36
2015-01-19,-0.1,3.2,12,68.1,114,65
2015-01-20,-0.9,1.9,2,55.8,108,49
2015-01-21,2.6,2,3,58.3,106,60
2015-01-22,3.1,1.5,12,60.6,111,47
2015-01-23,1.2,2.6,2,66.4,116,44
2015-01-24,3.7,1.8,13,62.9,206,55
2015-01-25,3,3.5,3,78.4,95,62
2015-01-26,3.6,2.6,12,87.5,118,44
2015-01-27,-3.6,3.7,13,55.4,51,54
2015-01-28,-4.1,2.3,3,49.3,61,48
2015-01-29,-1.1,2.3,3,56.4,111,52
2015-01-30,-3.3,3.8,13,51.8,65,45
2015-01-31,-4.5,2.6,12,46.4,114,46
2015-02-01,-3,1.9,13,44.9,129,33
2015-02-02,-0.6,1.5,1,47.3,162,48
2015-02-03,0.6,2.1,1,54.5,211,62
2015-02-04,0.4,2,12,64.5,111,80
2015-02-05,-0.1,3,12,57.1,69,90
2015-02-06,0.4,2.2,13,57.3,111,57
2015-02-07,1.2,2.6,11,65.3,105,50
2015-02-08,-9.8,5.3,13,34.1,52,108
2015-02-09,-5.7,3.1,12,54.6,99,45
2015-02-10,1.7,2.8,11,69,101,96
2015-02-11,2.7,2.5,12,60.3,152,89
2015-02-12,-2.2,4.2,12,36.8,114,44
2015-02-13,-1.6,3.1,12,46.4,134,36
2015-02-14,2,2.2,1,72.9,123,58
2015-02-15,7.9,2.9,3,61.6,135,76
2015-02-16,5,3.5,3,91.9,133,44
2015-02-17,1.9,3.5,13,78.5,110,64
2015-02-18,0.8,2.5,12,72,78,62
2015-02-19,2.2,1.6,13,67.1,90,62
2015-02-20,5.2,2,2,55.3,49,53
2015-02-21,5.7,3.4,3,79,90,27
2015-02-22,3.5,4.1,12,78,126,238
2015-02-23,0.9,3,12,60.4,109,590
2015-02-24,2.1,2.3,12,60,122,104
2015-02-25,5.4,2.9,2,48.6,131,73
2015-02-26,1.2,4.9,12,56.9,113,39
2015-02-27,-1.3,3.2,12,35.6,55,34
2015-02-28,2.7,2,3,40.5,81,46
2015-03-01,2.4,3.7,12,56.8,106,93
2015-03-02,3.9,2.8,10,43.5,90,88
2015-03-03,2.8,3.4,9,69.5,82,54
2015-03-04,-2.1,5.3,12,43.4,57,48
2015-03-05,-0.3,1.9,13,41.1,78,46
2015-03-06,2.9,2.3,12,37.8,115,48
2015-03-07,4.2,2.3,12,45.5,94,51
2015-03-08,7.7,1.8,2,42.5,108,77
2015-03-09,2.2,5.4,13,43.4,65,72
2015-03-10,-3.4,5.9,13,30.6,105,38
2015-03-11,0.4,4.5,11,45.1,92,46
2015-03-12,2.1,4,11,41,136,38
2015-03-13,5.6,3,12,45.4,134,48
2015-03-14,4.3,2.3,11,31.4,118,40
2015-03-15,5.5,2.2,12,42,156,44
2015-03-16,9.8,2,12,44.4,114,87
2015-03-17,10.7,1.8,2,51.9,114,118
2015-03-18,10.7,4,3,61.5,91,72
2015-03-19,12.4,2.5,3,50.9,227,57
2015-03-20,13.4,2.5,12,32.5,237,98
2015-03-21,11.7,2.7,11,31,158,154
2015-03-22,8.3,4.2,12,33.3,210,130
2015-03-23,4.6,4.2,13,24.3,118,60
2015-03-24,5.4,2.6,11,32.8,135,48
2015-03-25,6.5,2.5,12,45.9,135,46
2015-03-26,7.9,3.1,12,47.5,119,48
2015-03-27,9.1,2.6,12,50.5,96,59
2015-03-28,9.7,2.8,12,35,129,48
2015-03-29,10.5,2.5,12,61.9,507,68
2015-03-30,13.2,2.6,12,57.4,232,138
2015-03-31,12.9,2.2,3,80.6,114,98
2015-04-01,12.9,4.1,3,67.9,59,25
2015-04-02,14.8,5,3,70.5,62,25
2015-04-03,10.6,2.8,12,83.4,77,35
2015-04-04,13.5,4.3,3,48,115,16
2015-04-05,10.5,2.5,3,75.1,130,16
2015-04-06,10.3,2.7,13,55.8,70,58
2015-04-07,8.4,2.6,2,59.5,61,43
2015-04-08,8.3,2.9,3,52.5,109,30
2015-04-09,9.6,2.3,2,43,96,52
2015-04-10,11.6,2.8,12,40.5,161,57
2015-04-11,13.5,2.5,12,39.3,103,68
2015-04-12,14.9,2.9,3,30.6,61,50
2015-04-13,12,5.9,3,53.9,46,28
2015-04-14,6.9,2.7,2,89.9,107,20
2015-04-15,11.1,2.9,11,72,100,43
2015-04-16,9.9,3.6,11,69.5,145,76
2015-04-17,10.5,3.7,10,45.4,150,72
2015-04-18,15.2,1.9,3,31.9,130,61
2015-04-19,14.5,3.7,3,74.8,63,32
2015-04-20,12.2,3.2,2,75.3,98,14
2015-04-21,14,2.9,12,46,126,46
2015-04-22,14.2,3,12,47,117,71
2015-04-23,14.5,3.5,10,41.1,107,64
2015-04-24,15.7,3.2,12,38.3,121,70
2015-04-25,15.9,2.7,12,31.3,173,65
2015-04-26,17.3,3.3,2,37.6,113,48
2015-04-27,18.5,2.8,11,39.3,90,60
2015-04-28,20.3,2.1,3,38.6,154,47
2015-04-29,17,2.9,3,77,151,46
2015-04-30,21.2,2.2,3,56.6,201,31
2015-05-01,21,2.5,12,58.8,110,44
2015-05-02,20.7,2.1,11,64.4,93,38
2015-05-03,18.3,2.1,2,90.4,126,26
2015-05-04,16.1,4.2,12,45.9,83,54
2015-05-05,14.2,3.4,11,37.9,113,42
2015-05-06,15.4,2.4,10,36.3,98,48
2015-05-07,16.5,2.6,2,35.6,116,45
2015-05-08,16.7,2.5,11,64.3,98,55
2015-05-09,17.6,3,12,55,74,43
2015-05-10,19.1,2.3,12,39.6,92,42
2015-05-11,18.4,3,4,62.1,52,44
2015-05-12,13.3,6.4,10,75.9,78,38
2015-05-13,17.4,5.3,10,56.9,101,64
2015-05-14,20.4,3.3,10,63.8,107,56
2015-05-15,19.1,2.7,12,71,87,91
2015-05-16,18,3,11,41.3,142,55
2015-05-17,18.6,2.2,13,40.4,109,54
2015-05-18,17.7,3.2,2,53.9,93,45
2015-05-19,14.8,3.6,10,88.9,88,48
2015-05-20,16.3,3.1,12,60,60,44
2015-05-21,18.7,3.7,10,50.1,116,44
2015-05-22,20,2.9,12,45.3,104,54
2015-05-23,20.6,2.5,11,38.5,120,46
2015-05-24,21,2.4,12,37.3,152,32
2015-05-25,20.8,2.7,11,53.1,123,45
2015-05-26,21.5,2.7,12,48.9,118,44
2015-05-27,23.2,2,12,32.9,107,40
2015-05-28,24.3,2.2,12,27.1,94,42
2015-05-29,23.8,2.5,12,36.8,92,48
2015-05-30,19.8,2.9,12,71,91,41
2015-05-31,22.1,2.2,11,52.8,94,44
2015-06-01,21.7,2.6,12,44.6,88,40
2015-06-02,23.1,2.7,12,46.9,115,40
2015-06-03,23.3,3.8,13,33.3,86,44
2015-06-04,24.2,2.6,12,28.9,115,42
2015-06-05,19.1,1.7,7,58.8,85,36
2015-06-06,22.4,2.3,2,50.4,143,32
2015-06-07,23.4,2.3,12,46.8,120,31
2015-06-08,22.4,2.3,12,54.9,99,38
2015-06-09,22.2,2.9,12,66.3,114,46
2015-06-10,25.3,2.2,13,54.3,97,48
2015-06-11,24.6,2.8,7,59.6,73,39
2015-06-12,23.6,3.8,10,63.1,82,44
2015-06-13,24.7,3.2,10,61.9,85,70
2015-06-14,22.8,2.7,13,70.3,70,34
2015-06-15,24.2,2.2,13,65.6,103,40
2015-06-16,25,2.4,11,65.9,114,47
2015-06-17,23.4,2.6,2,72.8,120,38
2015-06-18,24.8,2.7,3,59.4,86,28
2015-06-19,24.5,2.9,3,57.8,91,23
2015-06-20,19.6,1.8,2,91,60,40
2015-06-21,22.4,2,11,69.1,79,20
2015-06-22,24,2.4,12,60.4,114,32
2015-06-23,24.7,2.3,12,64.1,107,34
2015-06-24,25.7,2.5,12,58.3,89,40
2015-06-25,24.8,2.1,2,65.1,47,40
2015-06-26,21,3.3,2,75.8,75,12
2015-06-27,25.2,2.2,2,55.3,95,11
2015-06-28,25.4,2.6,12,61.8,105,23
2015-06-29,25.7,2.8,12,61.8,71,25
2015-06-30,24.4,1.7,12,70,56,31
2015-07-01,23.7,3.8,11,66.3,86,34
2015-07-02,23.7,4,10,64.5,58,48
2015-07-03,23.3,3,12,62.6,76,40
2015-07-04,24.1,2.2,2,55.8,69,32
2015-07-05,24.2,2.3,12,57.4,90,34
2015-07-06,25.3,2.2,12,54.3,115,30
2015-07-07,25.6,2,2,52.1,114,34
2015-07-08,23.4,4,3,69.8,90,11
2015-07-09,26.5,2.9,3,61.3,98,11
2015-07-10,29.2,1.9,3,60.9,110,20
2015-07-11,30.4,2.1,2,60.3,79,28
2015-07-12,24.8,4,3,94.1,82,11
2015-07-13,23.1,5.2,10,90.8,108,27
2015-07-14,26.1,3.5,10,72.4,82,62
2015-07-15,27.9,2.9,3,58.8,84,48
2015-07-16,24.7,5,3,51.3,119,12
2015-07-17,23.6,3.6,3,49.8,103,11
2015-07-18,24.3,2.2,3,63.5,88,29
2015-07-19,25.1,1.8,2,77.4,53,24
2015-07-20,27.5,2.4,3,71.4,76,20
2015-07-21,27,1.6,12,81.6,103,24
2015-07-22,27.7,1.8,12,76.9,110,34
2015-07-23,26.9,2.1,10,81,126,28
2015-07-24,24.7,2,10,96.9,97,14
2015-07-25,25,3.2,10,95.1,95,18
2015-07-26,26,2.6,10,85.5,111,17
2015-07-27,26.2,2.3,13,86,115,30
2015-07-28,27.7,2.7,11,74.4,63,34
2015-07-29,26.7,2.6,9,82.9,65,36
2015-07-30,28.6,3.5,10,76.4,62,66
2015-07-31,27.9,2.7,9,74.3,55,56
2015-08-01,28.2,3.1,10,72.8,92,48
2015-08-02,26.5,2.7,10,84.3,75,34
2015-08-03,27.9,3.8,9,71.5,55,30
2015-08-04,27.5,4.5,10,73.3,55,26
2015-08-05,28.6,3.7,10,67,57,32
2015-08-06,29.3,2,12,64.5,50,34
2015-08-07,28.9,1.4,2,71.3,70,42
2015-08-08,26.6,2.1,2,79.1,77,36
2015-08-09,26.7,2.1,1,74.4,63,19
2015-08-10,27,2.3,12,72.1,74,28
2015-08-11,26.8,2.1,12,73.6,69,56
2015-08-12,27.3,2,1,67.5,100,50
2015-08-13,26.5,1.9,2,68.6,98,43
2015-08-14,26.9,2.4,13,66.4,89,41
2015-08-15,27.1,1.9,2,70.4,67,60
2015-08-16,25.8,2,2,74.9,100,67
2015-08-17,26.6,2.2,2,61.5,105,24
2015-08-18,27.9,2.5,3,59.9,109,21
2015-08-19,26.8,1.8,2,70.3,97,36
2015-08-20,25.4,1.7,2,75.5,102,36
2015-08-21,25.2,2,12,78.3,95,30
2015-08-22,25.5,2.5,10,69.8,129,38
2015-08-23,26.3,1.7,2,65.5,71,36
2015-08-24,26.3,3.8,3,60.6,54,29
2015-08-25,21.7,3.2,2,76.4,50,6
2015-08-26,21.9,2.9,14,68.4,47,11
2015-08-27,24.7,3.1,11,61.1,70,22
2015-08-28,23.2,1.7,2,69.4,76,28
2015-08-29,24.4,1.7,12,65.8,80,32
2015-08-30,24.9,1.6,1,65.9,94,32
2015-08-31,25.9,1.9,3,62.9,74,33
2015-09-01,25.9,3.4,3,59.4,67,24
2015-09-02,23.9,2.1,3,72.8,38,27
2015-09-03,23.9,2.3,12,75.1,55,26
2015-09-04,24.8,2.2,12,68.5,75,33
2015-09-05,21.9,2.1,3,79.8,48,32
2015-09-06,22.2,3.7,3,60.4,45,13
2015-09-07,22.6,2.4,3,52.9,57,12
2015-09-08,22.7,3.2,3,43.6,89,12
2015-09-09,22.4,2.9,2,42.9,76,16
2015-09-10,22.4,2.4,12,62.3,52,30
2015-09-11,21,2.1,12,76.4,39,40
2015-09-12,19.2,1.9,12,60.4,46,21
2015-09-13,20.2,2.6,13,54.1,81,21
2015-09-14,22.1,1.6,2,61.1,97,33
2015-09-15,22.8,2.2,2,48.5,64,26
2015-09-16,21.6,2.5,3,45.5,83,16
2015-09-17,21.4,3.1,3,46.4,103,12
2015-09-18,21.9,2.4,3,52.1,104,18
2015-09-19,22.3,2.4,12,58.3,110,32
2015-09-20,22.1,2,13,69,75,48
2015-09-21,22.6,1.5,1,62.1,101,48
2015-09-22,23.9,1.8,3,48.4,86,42
2015-09-23,22,1.7,2,57.9,84,40
2015-09-24,23.4,1.9,1,56.4,158,38
2015-09-25,23.4,2.5,3,56.5,88,36
2015-09-26,22.4,1.8,12,54.5,102,48
2015-09-27,21.9,1.9,2,39.4,121,35
2015-09-28,21.4,1.6,4,39.6,110,32
2015-09-29,22.1,2.3,3,36.6,67,24
2015-09-30,21.3,2.6,4,45.3,56,18
2015-10-01,16.3,3.6,3,77.5,69,16
2015-10-02,16.5,3.7,10,53.5,95,32
2015-10-03,19.2,3.8,10,49.4,139,43
2015-10-04,16.6,1.8,2,38.9,125,28
2015-10-05,18,1.9,1,49.4,114,30
2015-10-06,18.7,1.9,1,57.5,100,32
2015-10-07,19.6,1.4,13,67.5,72,44
2015-10-08,20.1,2.3,12,61.1,63,54
2015-10-09,16.2,3.7,12,43.8,88,34
2015-10-10,12.8,2.2,3,70.9,55,22
2015-10-11,10.8,2.4,10,72.6,69,16
2015-10-12,12.3,2.7,13,56.5,89,18
2015-10-13,15,2.5,11,66.4,119,32
2015-10-14,17.1,1.6,13,64.6,141,50
2015-10-15,17.9,1.8,2,62.1,114,59
2015-10-16,17.5,1.8,12,71,215,66
2015-10-17,18.7,1.7,2,64.8,114,60
2015-10-18,17.9,1.3,12,65.1,110,70
2015-10-19,18.1,2,3,67.4,138,90
2015-10-20,18.8,1.6,12,69.5,224,89
2015-10-21,17.9,1.6,12,72.5,138,104
2015-10-22,17.5,2.2,3,64.8,93,74
2015-10-23,17.5,2.4,10,69.1,123,52
2015-10-24,16.9,2.5,14,64.4,84,36
2015-10-25,16.3,2.1,3,51,59,30
2015-10-26,15,2.4,3,66.8,72,33
2015-10-27,12.1,3.2,13,69.3,79,36
2015-10-28,9.9,2.5,12,49,99,32
2015-10-29,8.4,2.4,11,50.4,65,24
2015-10-30,5.4,2.6,13,41.8,73,30
2015-10-31,5.7,2.1,13,42.5,119,31
2015-11-01,7,1.6,2,48.4,73,41
2015-11-02,10.8,1.6,11,60.5,113,51
2015-11-03,11.8,1.4,13,67.6,115,68
2015-11-04,12.2,1.6,12,62,96,81
2015-11-05,13.2,1.7,1,63.9,99,72
2015-11-06,13.5,4.7,3,63.9,35,49
2015-11-07,10.5,6,3,91.5,35,12
2015-11-08,11.1,5.2,3,90.6,60,5
2015-11-09,10.8,2.1,13,87.6,72,12
2015-11-10,10,1.8,12,80,108,48
2015-11-11,11.6,1.6,3,72.4,142,41
2015-11-12,14.5,2.8,3,63.5,205,18
2015-11-13,11.5,4,3,83.8,62,12
2015-11-14,12.8,1.4,3,97.3,88,11
2015-11-15,13.4,1.8,12,84.5,114,19
2015-11-16,12.2,2.8,3,85.1,69,27
2015-11-17,13.9,1.8,13,69.6,62,18
2015-11-18,10.4,5.1,3,70.6,51,12
2015-11-19,8.9,2.6,3,72.8,85,16
2015-11-20,9.8,1.5,14,72.6,113,36
2015-11-21,9.2,1.8,13,55.9,109,48
2015-11-22,10.2,2.4,3,66.5,25,30
2015-11-23,8.5,3.3,3,80.9,30,9
2015-11-24,5.6,3.1,3,69.5,32,26
2015-11-25,2.4,2.7,3,86.8,53,13
2015-11-26,-2.7,3.7,13,63.8,40,36
2015-11-27,-2.8,2.6,13,59.1,82,40
2015-11-28,0.1,2.1,2,70.8,121,47
2015-11-29,2.5,3.3,3,87.9,186,40
2015-11-30,4.1,2,13,69.1,220,44
2015-12-01,4,1.9,2,57.8,265,54
2015-12-02,6,3.2,12,71.4,116,52
2015-12-03,-0.7,4.1,12,79.3,54,22
2015-12-04,-0.4,2.8,12,63.9,78,43
2015-12-05,3.4,3.1,11,51.4,177,35
2015-12-06,1.3,1.2,13,46.4,163,34
2015-12-07,1.9,1.8,13,51.1,219,50
2015-12-08,2.9,1.3,13,55.9,145,61
2015-12-09,5,2.3,5,57.4,114,66
2015-12-10,7.8,2.3,5,74.8,146,42
2015-12-11,6.4,3.4,3,56.5,61,33
2015-12-12,5.2,2.6,1,50.1,98,29
2015-12-13,5.2,1.4,1,50.5,187,40
2015-12-14,5,2.2,1,75.6,152,44
2015-12-15,4.7,2.8,12,69.8,97,55
2015-12-16,-1,3.9,1,50.9,51,31
2015-12-17,-4.6,2.7,2,43.4,68,20
2015-12-18,-3.3,2.2,5,61.9,118,41
2015-12-19,-0.1,1.7,6,66.3,175,62
2015-12-20,1.5,1.5,4,56.9,186,54
2015-12-21,2.2,2.5,5,76,269,50
2015-12-22,3.1,2.4,5,67.9,152,58
2015-12-23,5.9,2.1,7,59.6,279,52
2015-12-24,1.5,2.3,12,67.5,436,94
2015-12-25,-0.8,2,12,46.3,340,30
2015-12-26,0.9,2.4,3,73.3,136,66
2015-12-27,-5.7,2.9,16,39,44,32
2015-12-28,-5.7,2.3,3,38.4,127,26
2015-12-29,-3.2,1.4,3,47.6,116,58
2015-12-30,0.3,2.5,7,67.6,137,57
2015-12-31,0.7,1.5,2,81.3,187,55
2016-01-01,1.2,1.6,4,73,68,56
2016-01-02,5.7,2,14,76.9,68,42
2016-01-03,6.5,1.8,14,80.6,68,86
2016-01-04,2,3.1,14,54.4,68,60
2016-01-05,-2.7,2.3,1,39.4,67,32
2016-01-06,-1.7,1.8,14,54.3,87,54
2016-01-07,-3.4,2.5,1,51.8,99,42
2016-01-08,-3.3,2,13,49.8,123,34
2016-01-09,-2.1,2.1,16,57.1,168,40
2016-01-10,0.3,2.6,2,42.3,167,32
2016-01-11,-3.8,2.8,2,38.3,50,42
2016-01-12,-5.2,2.5,2,46,71,51
2016-01-13,-4.5,2,2,63,99,38
2016-01-14,-3.4,1.7,10,52.1,133,46
2016-01-15,-0.4,1.8,7,52.3,141,46
2016-01-16,-0.2,2.9,4,68,158,64
2016-01-17,1.7,2.4,4,64,86,66
2016-01-18,-6.3,4.8,15,59.8,73,60
2016-01-19,-12.8,5.4,15,45.9,86,41
2016-01-20,-10.5,1.8,2,43.6,84,38
2016-01-21,-7.1,1.8,14,44.3,109,50
2016-01-22,-7.6,2.6,14,40.5,63,52
2016-01-23,-11.5,4,15,42,52,34
2016-01-24,-14.4,3.2,15,48.5,51,40
2016-01-25,-9.4,1.9,14,47.1,81,52
2016-01-26,-3.3,2.3,4,64.5,100,74
2016-01-27,-1.1,2,15,56.3,132,60
2016-01-28,-0.5,1.6,5,51.5,139,52
2016-01-29,1.9,2.3,4,43.6,63,45
2016-01-30,0.6,2,14,59.5,52,42
2016-01-31,-3.9,3.2,14,34,49,41
2016-02-01,-6,3,14,36,95,41
2016-02-02,-5.3,2.2,15,41.8,115,46
2016-02-03,-2.4,1.9,3,49.6,125,56
2016-02-04,-0.7,2.4,14,50.1,133,56
2016-02-05,-2.2,2.5,14,39.4,80,46
2016-02-06,-3.1,2.9,14,38.6,57,52
2016-02-07,-2.9,2,14,46.5,103,46
2016-02-08,1.3,3.1,12,62.1,117,64
2016-02-09,0.3,3,14,52.5,63,52
2016-02-10,2.7,1.6,4,38.5,88,37
2016-02-11,8.1,3.5,5,29.3,102,44
2016-02-12,8.4,3.2,5,95.3,166,33
2016-02-13,11,3.3,6,95,30,14
2016-02-14,-2.6,4.6,14,73.1,28,30
2016-02-15,-5.8,4,15,48.4,60,34
2016-02-16,-2.7,2.7,14,65.6,56,30
2016-02-17,0,2.3,14,53.9,88,41
2016-02-18,3.5,3.2,12,66.4,72,46
2016-02-19,2.3,1.7,13,56.4,87,75
2016-02-20,1.3,2.9,15,37.1,38,46
2016-02-21,-0.6,2.9,14,36.4,79,27
2016-02-22,1.1,1.9,12,36.6,111,45
2016-02-23,0.7,3.2,15,56,78,52
2016-02-24,-3,2.9,15,42,77,36
2016-02-25,-0.2,2.7,14,49.9,128,52
2016-02-26,2.2,2.2,13,41.3,144,50
2016-02-27,3.3,2,14,57.6,141,64
2016-02-28,0.7,2.1,4,65.5,47,44
2016-02-29,-3.8,4,14,48.6,34,61
2016-03-01,-2.7,2.5,14,47.3,89,34
2016-03-02,3.1,2.9,12,67.9,106,39
2016-03-03,8.1,1.9,9,65.1,112,54
2016-03-04,13.2,2.7,5,55.3,89,64
2016-03-05,11.3,2.6,5,91.3,145,26
2016-03-06,7.9,2.8,14,51,187,84
2016-03-07,8.1,2,5,36.9,123,100
2016-03-08,2.7,3.1,15,40.4,61,70
2016-03-09,0.3,3.5,15,37.5,44,46
2016-03-10,-1.1,3.2,15,37.8,81,36
2016-03-11,-0.5,2.6,14,43.8,126,36
2016-03-12,2,2.5,12,55.6,117,47
2016-03-13,3.7,1.6,1,68.1,116,58
2016-03-14,4.7,2.6,14,57,125,62
2016-03-15,5.2,2.2,14,43.4,88,59
2016-03-16,7.5,2,14,45.1,112,60
2016-03-17,9.3,1.4,3,40.9,100,70
2016-03-18,13.4,2.4,5,50,149,60
2016-03-19,11.4,2.5,14,58.3,133,72
2016-03-20,10.6,2.2,14,54,64,77
2016-03-21,9.9,2.2,14,54.1,104,81
2016-03-22,8,2.5,14,58.1,120,68
2016-03-23,8.2,2.9,15,49.6,46,72
2016-03-24,7.2,2.4,14,36.5,107,41
2016-03-25,7.1,2.2,14,43.9,86,68
2016-03-26,6.5,2.2,14,54.5,104,65
2016-03-27,7.2,2.6,14,55.6,87,66
2016-03-28,9.8,2,13,47.8,97,66
2016-03-29,11.3,3.2,12,57.8,79,93
2016-03-30,11.5,2.2,14,49.9,131,84
2016-03-31,13.5,2.1,4,27,104,52
2016-04-01,15.3,2,14,26,92,70
2016-04-02,15,2.3,14,40.8,95,77
2016-04-03,10.7,1.7,3,75.1,42,46
2016-04-04,12.3,2.2,14,42.6,90,30
2016-04-05,11.4,2.5,13,45.1,95,62
2016-04-06,14.4,1.9,4,44.3,84,69
2016-04-07,14.1,3,13,69.5,105,42
2016-04-08,11.1,2.5,14,76.1,131,69
2016-04-09,10.7,1.8,11,83.9,120,100
2016-04-10,13.4,2.1,13,71.3,97,112
2016-04-11,12.5,2.4,14,43.8,72,48
2016-04-12,14.1,2.3,14,42.6,76,56
2016-04-13,15.6,1.7,14,67.5,117,55
2016-04-14,12.4,2.6,14,75.9,91,56
2016-04-15,15,2.6,14,46.4,106,54
2016-04-16,14.9,2.9,5,58.9,61,52
2016-04-17,10.8,4.7,12,66.8,45,50
2016-04-18,11.2,3.1,13,65.4,41,62
2016-04-19,12,2.2,14,55.1,63,46
2016-04-20,14.3,2.1,4,54,83,62
2016-04-21,13.5,2.8,5,87.6,92,27
2016-04-22,13.5,2.6,14,83.4,107,68
2016-04-23,13.5,2.1,14,52.1,147,162
2016-04-24,15.5,1.9,14,39.6,122,128
2016-04-25,17.2,1.7,3,34.8,75,72
2016-04-26,21.1,2,5,34.8,84,74
2016-04-27,17.2,3.6,5,32,75,51
2016-04-28,17.2,2,4,34.4,77,58
2016-04-29,16.2,2.5,12,47.6,111,63
2016-04-30,15.9,2.8,12,45.3,78,71
2016-05-01,18.8,2.2,11,40.5,90,46
2016-05-02,21.1,2.2,9,64.5,86,50
2016-05-03,12.9,4.9,12,86.1,63,21
2016-05-04,15.7,5.1,13,46.6,78,56
2016-05-05,18.9,1.7,14,50.8,86,56
2016-05-06,16.3,2,14,89.3,180,45
2016-05-07,16.5,2.6,13,60.3,107,99
2016-05-08,19.4,2.1,4,44.8,93,53
2016-05-09,20.2,2,15,43,63,58
2016-05-10,14.5,2.3,1,82.4,81,30
2016-05-11,16.4,2,13,60.9,103,30
2016-05-12,17.8,2.7,10,62.4,70,35
2016-05-13,18.6,2.1,12,57,78,39
2016-05-14,20.2,2.3,1,47.1,68,36
2016-05-15,17.4,2.7,12,73.9,47,38
2016-05-16,15.9,3.2,11,57,63,36
2016-05-17,19.3,1.9,13,48.8,64,64
2016-05-18,22.3,1.9,13,40.3,73,48
2016-05-19,24.3,1.6,13,36.4,72,40
2016-05-20,24,1.8,1,32,69,46
2016-05-21,24.1,2,3,23.8,68,38
2016-05-22,24.7,1.9,2,35,77,53
2016-05-23,23.3,2.1,2,43,106,66
2016-05-24,16.8,2.6,11,82.6,60,34
2016-05-25,19.7,2.7,10,67.9,62,82
2016-05-26,19.4,1.8,12,72,74,91
2016-05-27,20.9,1.7,12,61.3,108,76
2016-05-28,21.7,2.1,11,56.1,70,74
2016-05-29,21.5,2.3,12,56.1,79,76
2016-05-30,22.1,2.4,12,57.3,93,85
2016-05-31,21.6,2.5,12,63.6,83,74
2016-06-01,23.3,2.1,2,45.8,55,42
2016-06-02,23.2,2.4,2,38.3,55,36
2016-06-03,22.2,2.2,12,48.1,79,48
2016-06-04,21.2,1.6,12,51.8,62,52
2016-06-05,24.7,1.7,3,47.3,86,50
2016-06-06,23.3,2.3,5,49.1,101,23
2016-06-07,21.7,1.7,12,69.5,89,40
2016-06-08,22.1,2.3,12,65.9,96,40
2016-06-09,24.1,2,12,59.5,88,52
2016-06-10,24.6,2.2,12,60.9,64,60
2016-06-11,23.5,1.7,11,74.3,63,48
2016-06-12,23.5,2.1,11,79.4,55,28
2016-06-13,23.5,2.4,12,70.5,80,60
2016-06-14,23.8,2.1,10,62.5,52,52
2016-06-15,20.9,2.7,9,81.8,34,34
2016-06-16,20.9,2.8,9,73.5,62,32
2016-06-17,23.8,2.5,10,63.1,57,56
2016-06-18,24.5,1.8,12,58,64,63
2016-06-19,24.1,1.9,12,64.5,114,40
2016-06-20,24.7,1.7,11,66,76,51
2016-06-21,26,1.7,12,60.1,70,58
2016-06-22,24.3,2,2,75.1,67,69
2016-06-23,24.7,2.1,2,71,63,40
2016-06-24,23.1,2,12,75.8,51,42
2016-06-25,22.8,2.8,12,63.1,65,35
2016-06-26,24.4,2.7,12,58.4,87,32
2016-06-27,24.4,1.6,12,55.5,69,36
2016-06-28,24.7,1.8,12,61.1,54,60
2016-06-29,25.3,2.2,9,58,67,38
2016-06-30,24.6,2.8,9,78.1,78,30
2016-07-01,24,2.3,9,86.5,58,26
2016-07-02,23.5,2.4,12,81.4,86,14
2016-07-03,23.5,1.6,6,70.4,88,38
2016-07-04,21.8,3,3,85.1,69,28
2016-07-05,23.1,2.8,10,93.6,77,12
2016-07-06,22.9,1.9,9,74,94,17
2016-07-07,24,1.3,11,71.6,67,38
2016-07-08,27.3,1.8,13,66.5,60,52
2016-07-09,27.7,2,12,64.8,56,39
2016-07-10,27.9,1.8,12,64.4,95,35
2016-07-11,28.4,1.7,2,67.4,58,50
2016-07-12,26.3,2.1,12,65.5,60,34
2016-07-13,26.3,2.1,12,69,58,30
2016-07-14,27.5,2.1,9,66.9,50,30
2016-07-15,26.2,2.6,3,60,47,18
2016-07-16,20.8,3.5,2,92.8,69,10
2016-07-17,21.7,2.6,9,82.9,96,14
2016-07-18,24.4,1.5,13,75.1,85,28
2016-07-19,27.1,1.5,1,65.5,59,36
2016-07-20,28.6,1.9,2,62.5,36,36
2016-07-21,28.3,2.2,4,61.3,43,30
2016-07-22,29.1,2.2,4,64,46,35
2016-07-23,28.7,1.9,11,70.4,61,42
2016-07-24,28,2,12,77.9,58,35
2016-07-25,28.4,1.9,12,75.3,68,42
2016-07-26,28.4,2.6,10,69,55,34
2016-07-27,27.6,3.2,9,76.4,60,33
2016-07-28,28,2.8,10,70.6,59,52
2016-07-29,26.3,1.6,2,82.3,78,39
2016-07-30,28.6,2.1,9,73.5,81,38
2016-07-31,28.9,1.6,12,72.1,79,43
2016-08-01,28.4,1.6,1,72,59,30
2016-08-02,27.2,1.2,12,72.5,74,26
2016-08-03,29.1,1.6,2,65.4,66,30
2016-08-04,30.7,1.6,2,59.6,63,30
2016-08-05,31.2,1.8,2,60.1,68,38
2016-08-06,30.5,1.7,12,64.8,61,54
2016-08-07,30.6,1.9,12,56,49,35
2016-08-08,30.5,1.8,14,63.1,70,40
2016-08-09,29.3,1.9,3,68.3,60,30
2016-08-10,29.4,1.9,12,66.3,56,52
2016-08-11,30.5,2,12,64.1,57,33
2016-08-12,30.4,2,12,68.3,62,44
2016-08-13,30.2,2.4,12,67.9,72,35
2016-08-14,28.9,1.9,13,74,85,34
2016-08-15,29.1,1.9,12,65.5,56,38
2016-08-16,29.3,1.6,13,64.9,56,48
2016-08-17,29.9,1.9,13,60.4,57,42
2016-08-18,29.9,1.6,2,61.9,73,54
2016-08-19,28.9,1.4,2,69.5,59,60
2016-08-20,30.1,1.7,3,59,38,34
2016-08-21,30.7,2.1,2,57.5,51,28
2016-08-22,30.7,2.1,2,58,56,30
2016-08-23,28.3,2.1,2,68.8,82,34
2016-08-24,29.1,1.8,13,59.1,80,36
2016-08-25,27.1,1.9,12,70.4,51,30
2016-08-26,23,3.6,3,57,44,14
2016-08-27,23.4,3.1,3,43.3,72,14
2016-08-28,21,2.6,1,62.5,61,11
2016-08-29,22.2,2,13,54.5,76,16
2016-08-30,20.6,3.3,12,60.4,80,36
2016-08-31,17.7,3.8,11,85.3,81,21
2016-09-01,23.2,3.1,9,71.3,63,58
2016-09-02,24.2,2.7,3,68.5,78,42
2016-09-03,23.9,1.8,2,73.8,79,22
2016-09-04,25.6,1.5,2,71.3,127,22
2016-09-05,26.4,1.7,12,66.1,142,30
2016-09-06,24.7,1.8,12,69,119,57
2016-09-07,24.3,1.8,12,69.8,69,69
2016-09-08,23,1.3,12,76.4,84,57
2016-09-09,23.9,1.8,1,71.1,97,42
2016-09-10,24.4,1.6,1,65.4,80,40
2016-09-11,24.5,1.7,3,66.3,85,40
2016-09-12,23.4,1.9,2,68.9,67,28
2016-09-13,24.6,1.8,3,62.5,129,17
2016-09-14,24.6,1.8,9,66.1,125,32
2016-09-15,23.9,1.3,12,68.1,113,40
2016-09-16,24.6,1.5,13,64.9,81,49
2016-09-17,23.1,2.9,3,64.8,87,30
2016-09-18,23.5,3.1,3,53.4,46,22
2016-09-19,21.9,3.5,2,53.3,47,13
2016-09-20,20.6,3.1,2,41.1,77,17
2016-09-21,20.2,2,3,43.4,85,34
2016-09-22,21.9,1.8,3,46.3,91,39
2016-09-23,21.4,1.6,2,57.9,71,50
2016-09-24,22.3,1.6,1,60.6,75,59
2016-09-25,23,1.2,12,57.6,90,48
2016-09-26,23.6,1.8,2,59.1,60,44
2016-09-27,21,1.3,2,82.5,64,35
2016-09-28,19.9,1.3,12,84.6,42,34
2016-09-29,20.4,3,3,64.4,68,14
2016-09-30,20.5,1.6,2,66.9,106,30
2016-10-01,21.1,1.2,2,69,83,46
2016-10-02,19,2.7,3,84.1,71,30
2016-10-03,22.7,2.7,12,73.3,80,16
2016-10-04,22,2.4,3,58.9,85,30
2016-10-05,21.1,3,3,61.9,60,26
2016-10-06,18,2.6,13,59.3,58,40
2016-10-07,19.7,2.6,3,67.8,63,26
2016-10-08,16.8,2.9,12,66.4,50,21
2016-10-09,11.3,2.9,14,46.3,91,18
2016-10-10,14,1.6,2,43.3,74,27
2016-10-11,15.4,1.8,12,62.4,69,44
2016-10-12,15.5,2,13,57,143,53
2016-10-13,15.2,1.4,12,44.1,101,43
2016-10-14,16.7,1.3,1,61.8,72,64
2016-10-15,19.1,1.3,2,60.6,73,71
2016-10-16,17.2,1.5,3,74.1,43,53
2016-10-17,17.5,1.4,12,76.1,85,49
2016-10-18,17,1.4,2,70.9,126,54
2016-10-19,18,1.5,1,67.6,95,60
2016-10-20,18.6,1.8,2,61.3,87,59
2016-10-21,17.9,3,3,58.6,54,24
2016-10-22,18.3,1.8,2,59,39,34
2016-10-23,13.3,4,2,66.3,32,13
2016-10-24,15.1,2.4,2,54.8,49,16
2016-10-25,14.1,2.2,3,84,69,17
2016-10-26,13.3,1.4,12,81,88,40
2016-10-27,14.6,1.9,2,65.4,60,44
2016-10-28,14.6,2.5,13,61.8,30,39
2016-10-29,7.8,3,14,40.3,53,39
2016-10-30,7.9,1.5,12,31.9,64,30
2016-10-31,5.7,2,13,59.9,42,30
2016-11-01,1.5,2.7,13,43.6,68,24
2016-11-02,4.1,1.4,11,53.1,88,36
2016-11-03,9.1,1.6,11,62.8,86,43
2016-11-04,12.3,2.7,8,67,72,60
2016-11-05,15,2.2,9,77.4,98,70
2016-11-06,14,3.4,2,59.4,69,31
2016-11-07,12.8,2.8,2,71.3,60,36
2016-11-08,4.1,3.5,13,58,54,60
2016-11-09,2.1,1.9,12,41.1,92,42
2016-11-10,6,2,2,55.5,64,40
2016-11-11,9.1,2.2,11,63.3,93,50
2016-11-12,11.4,2.3,9,62.1,99,71
2016-11-13,14.4,1.7,2,74.8,178,59
2016-11-14,13.2,1.7,2,78.5,121,49
2016-11-15,5.2,2.8,13,44.3,95,56
2016-11-16,5.2,1.4,13,44.3,77,53
2016-11-17,9.1,1.2,1,56.4,112,68
2016-11-18,10.3,1.9,2,58.4,119,82
2016-11-19,13,2.2,12,71.1,79,52
2016-11-20,9.8,2.5,12,48.6,58,42
2016-11-21,9.5,2.2,3,40.5,48,60
2016-11-22,2,3.9,12,43.3,25,44
2016-11-23,-1.8,3,13,37.5,57,42
2016-11-24,-2.5,2.1,12,37.8,86,30
2016-11-25,1,1.5,13,43.9,86,38
2016-11-26,0.9,2.3,2,69.6,111,50
2016-11-27,3.3,1.5,1,81.3,69,64
2016-11-28,1.4,2.5,13,57.9,119,74
2016-11-29,1.7,1.6,12,40.8,170,40
2016-11-30,6,2,10,59.8,111,44
2016-12-01,4.1,3.6,11,47.6,135,48
2016-12-02,1.6,1.8,13,48.4,128,37
2016-12-03,4.5,1.4,1,58.8,98,51
2016-12-04,5.5,1.2,1,60.1,153,68
2016-12-05,5.9,3,12,69.1,119,71
2016-12-06,-1.1,2.5,12,38.5,90,26
2016-12-07,1.7,2.3,2,58.3,137,49
2016-12-08,2.1,1.7,2,70,121,54
2016-12-09,1.4,2.8,12,65.8,47,32
2016-12-10,-1.6,1.9,12,47.6,91,34
2016-12-11,-1.1,1.2,1,42.6,105,32
2016-12-12,2.3,1.9,2,37.9,94,40
2016-12-13,3.4,2,13,53.6,44,57
2016-12-14,-1.4,2.7,12,68.1,56,54
2016-12-15,-5,3,12,41.8,96,38
2016-12-16,-4.7,2.2,12,40.3,94,36
2016-12-17,2.7,1.8,1,60.1,82,59
2016-12-18,4.9,1.9,2,68.8,134,50
2016-12-19,7.2,2.5,2,66,419,35
2016-12-20,7.6,1.2,1,71.3,400,50
2016-12-21,7.9,3.5,2,75.5,223,37
2016-12-22,5.5,3.5,11,90.3,141,28
2016-12-23,-2.5,3.6,12,71.1,78,52
2016-12-24,-2.4,1.8,1,66,100,62
2016-12-25,1,1.7,2,69.5,100,52
2016-12-26,2.5,1.4,16,73.8,61,46
2016-12-27,-2.3,3.5,12,54.6,69,41
2016-12-28,-3.7,1.8,12,49,111,46
2016-12-29,-4.2,2.8,13,53.1,118,38
2016-12-30,-3.9,1.3,1,50.9,112,42
2016-12-31,0.7,1.5,1,65.4,133,55
2017-01-01,2.7,1.5,1,75.9,175,66
2017-01-02,5,2.1,1,77.8,300,92
2017-01-03,2,1.8,12,61.8,247,70
2017-01-04,3.9,1.7,12,55,201,52
2017-01-05,3.8,3.1,2,52.3,285,35
2017-01-06,5.4,2.4,2,58.5,193,21
2017-01-07,4.6,1.4,2,64.9,77,48
2017-01-08,6.5,2.6,3,61.4,75,30
2017-01-09,1.5,3.3,12,60.8,119,56
2017-01-10,-3.7,3.2,12,45.1,118,32
2017-01-11,-3.8,2.1,12,36.4,129,26
2017-01-12,-2.2,3.1,12,43.1,214,31
2017-01-13,-6,2.9,12,47.4,140,30
2017-01-14,-8.4,3.8,13,33.3,71,48
2017-01-15,-6.6,2.3,12,35.3,60,28
2017-01-16,-3.8,1.4,1,37.6,131,46
2017-01-17,-2,1.5,1,46.6,130,64
2017-01-18,-0.5,1.3,12,68.9,189,84
2017-01-19,-1.2,1.6,12,55.4,176,88
2017-01-20,-4.4,3,12,70.3,45,56
2017-01-21,-5.2,1.6,1,78.1,72,48
2017-01-22,-8.3,3.8,13,51.3,48,76
2017-01-23,-8.9,2.2,12,48.4,89,48
2017-01-24,-7,2,13,49.6,139,37
2017-01-25,-5.2,1.5,12,50.6,120,47
2017-01-26,-1.3,2.2,1,64.4,104,58
2017-01-27,-2.6,3.4,12,47.3,74,106
2017-01-28,-1.6,1.7,2,38,103,32
2017-01-29,0.8,1.8,3,71.1,89,26
2017-01-30,-4.8,3.3,12,61.4,49,46
2017-01-31,-5.4,1.7,12,44.8,65,28
2017-02-01,-4,2.5,13,44.5,68,36
2017-02-02,-2.7,2.7,11,52.9,88,32
2017-02-03,1.5,1.5,11,65.4,118,65
2017-02-04,0.9,1.6,1,69.4,125,80
2017-02-05,1.2,2.1,11,75.3,115,61
2017-02-06,-1.7,3,13,51,60,42
2017-02-07,-2,1.5,12,45.4,47,40
2017-02-08,-2.2,2,12,50.1,69,54
2017-02-09,-5.3,3.8,12,47,48,54
2017-02-10,-6.6,4.1,12,44.3,41,35
2017-02-11,-4.8,2.8,12,45.4,95,31
2017-02-12,-2.2,2.1,12,51.3,110,32
2017-02-13,0.1,1.6,12,59.6,119,42
2017-02-14,0.3,2.5,13,46,201,52
2017-02-15,1.8,1.4,16,52.1,117,58
2017-02-16,5.5,2,1,63.9,116,62
2017-02-17,0.8,3.9,12,56.9,59,46
2017-02-18,-2.6,2.8,12,49.4,100,32
2017-02-19,2.3,1.9,7,68,134,44
2017-02-20,-1.5,4.2,13,53.8,76,46
2017-02-21,-0.6,1.6,12,37.1,58,46
2017-02-22,1.7,2.7,3,70.8,78,34
2017-02-23,-1.5,3.8,12,56.4,61,36
2017-02-24,-0.8,2.2,12,51.3,75,28
2017-02-25,2.6,2.3,9,63.6,86,46
2017-02-26,3.6,2.1,12,52.8,92,44
2017-02-27,3.7,1.8,12,37.4,104,37
2017-02-28,5.6,2,10,41.5,96,41
2017-03-01,5,1.8,1,65,115,53
2017-03-02,1.8,3.1,12,59.5,70,32
2017-03-03,3.3,2.1,11,54.4,74,42
2017-03-04,5.7,1.6,1,60,187,51
2017-03-05,5.2,2.1,12,71.6,109,57
2017-03-06,0.1,4,13,41.3,86,38
2017-03-07,-1.3,3.9,12,37.5,46,34
2017-03-08,-0.1,3.1,12,50.6,62,45
2017-03-09,3.2,3.1,12,47.3,71,49
2017-03-10,4.8,2.2,12,37.4,98,47
2017-03-11,7.3,1.8,12,37.4,114,56
2017-03-12,8.2,2,12,58.4,95,74
2017-03-13,6.9,2.5,12,49.8,65,60
2017-03-14,5.8,3.2,12,37.5,87,52
2017-03-15,6.3,2.1,11,34.9,93,41
2017-03-16,6.2,1.9,12,41.8,66,60
2017-03-17,7.7,2,12,43.1,80,68
2017-03-18,9.5,2.3,11,34.1,105,68
2017-03-19,10.9,1.6,16,36,110,66
2017-03-20,10.2,1.8,2,40.4,88,82
2017-03-21,7.4,3.1,13,48.1,59,83
2017-03-22,7.6,2.5,13,32.8,109,52
2017-03-23,9.1,2.2,11,34,91,68
2017-03-24,8.7,2.1,2,41.4,76,56
2017-03-25,8.1,2.1,12,41.1,59,60
2017-03-26,7.3,2.2,12,53.1,62,58
2017-03-27,6.1,2.5,12,67.4,72,68
2017-03-28,7.1,1.9,1,59.8,52,72
2017-03-29,8.8,2.3,11,54.9,79,54
2017-03-30,10.6,1.9,12,50,114,62
2017-03-31,8.6,2.4,2,70.6,65,50
2017-04-01,9,2.1,12,60.5,86,22
2017-04-02,9,2.1,11,53.1,100,43
2017-04-03,11.4,2.1,11,45.6,118,69
2017-04-04,14.1,2,1,35.3,80,66
2017-04-05,12,2.4,2,66,82,48
2017-04-06,10.4,2.4,10,90,111,24
2017-04-07,14.5,2.1,11,68.1,156,36
2017-04-08,13,2.5,11,74.5,127,57
2017-04-09,14.8,2.8,3,59.6,54,38
2017-04-10,16.5,2.8,3,25.8,76,27
2017-04-11,15.3,3.2,11,36.8,78,55
2017-04-12,11.5,3.7,11,21.8,82,67
2017-04-13,12.7,2.5,9,54,69,68
2017-04-14,13,3.5,10,57.9,67,56
2017-04-15,16.8,2.2,12,59.4,87,62
2017-04-16,18.7,1.4,2,52.9,122,58
2017-04-17,14.7,2.2,15,66.5,83,45
2017-04-18,11.7,2.5,11,76.5,92,42
2017-04-19,12.6,2.9,12,43.1,83,78
2017-04-20,12.9,2.3,13,45.4,72,82
2017-04-21,13.1,2,12,56.5,69,66
2017-04-22,14.8,2.1,12,48.4,78,62
2017-04-23,14.9,2.4,12,40,81,50
2017-04-24,15.1,2.7,2,39.4,78,44
2017-04-25,16,2.7,10,56.8,72,54
2017-04-26,15.1,3.3,12,36,72,48
2017-04-27,13.6,3.3,12,41.8,73,48
2017-04-28,14.4,3,9,57.3,65,62
2017-04-29,17.1,2.7,10,44.3,84,61
2017-04-30,19.3,2.6,9,57.9,102,83
2017-05-01,20.1,1.9,12,50.8,121,82
2017-05-02,20.7,2.1,12,42,87,90
2017-05-03,21.5,2,12,34.1,61,67
2017-05-04,21,2,12,43.6,59,62
2017-05-05,20.9,3.2,12,53.4,335,52
2017-05-06,14.9,3.8,10,32,172,172
2017-05-07,16.6,3.2,11,42.6,183,88
2017-05-08,17.9,2.1,9,43.6,125,149
2017-05-09,17.1,1.6,2,62.6,62,116
2017-05-10,16.4,2.5,13,73,96,41
2017-05-11,19.3,1.8,11,65.3,98,66
2017-05-12,19.1,2.1,9,71.6,152,68
2017-05-13,16.4,3.1,10,77.8,126,56
2017-05-14,15.7,3.7,12,58.3,86,58
2017-05-15,16,2.8,12,61.4,85,46
2017-05-16,17.1,2,11,60.5,63,36
2017-05-17,18.6,2.1,12,51.5,66,38
2017-05-18,20.4,2.3,12,41.9,70,48
2017-05-19,21.1,2.6,12,42.6,68,48
2017-05-20,20.9,2.4,12,44,78,38
2017-05-21,21.5,2.3,13,48.1,79,30
2017-05-22,21.8,2,12,53.6,87,41
2017-05-23,20,1.9,13,68,27,34
2017-05-24,21.8,2,12,60.4,65,27
2017-05-25,19.2,3.4,11,45.6,64,38
2017-05-26,17.7,2.9,11,41.5,87,26
2017-05-27,19.5,2.2,13,46.1,75,34
2017-05-28,21.2,2.7,11,50.6,74,42
2017-05-29,22.9,2.3,9,61.8,72,64
2017-05-30,23.6,2.4,10,43.5,107,50
2017-05-31,23.3,1.9,12,49.1,94,37
2017-06-01,23.3,3.1,12,51.8,80,37
2017-06-02,20.5,2.8,12,37.4,78,30
2017-06-03,20.5,3,12,44,49,32
2017-06-04,21.7,2.6,12,36.9,72,29
2017-06-05,24.2,1.9,2,33.3,57,26
2017-06-06,19.4,2.5,3,60,31,22
2017-06-07,17.6,2.4,12,91.4,54,16
2017-06-08,20.1,2.8,12,67.3,79,42
2017-06-09,21.2,3.3,10,69.8,68,57
2017-06-10,21.5,2.3,12,46.8,101,46
2017-06-11,22.8,2.2,1,33.8,89,30
2017-06-12,22.1,2.8,3,45.5,73,30
2017-06-13,21.5,2.4,12,63,100,36
2017-06-14,21.8,2.8,12,63,84,46
2017-06-15,23.1,2.5,10,62.4,106,52
2017-06-16,25.5,2.2,4,55.8,93,64
2017-06-17,24.2,2.4,13,52.3,81,51
2017-06-18,24.3,2.3,12,52,65,44
2017-06-19,24.8,1.8,12,50.9,62,52
2017-06-20,26,2.1,12,43.4,78,50
2017-06-21,25.4,2.9,12,52.6,89,56
2017-06-22,25.3,2.5,13,57.3,90,40
2017-06-23,26.7,2,12,53,90,46
2017-06-24,24.5,1.2,13,60.4,50,41
2017-06-25,23.8,1.5,2,75.4,44,35
2017-06-26,23.1,2.2,3,76.9,91,30
2017-06-27,25.2,2.2,12,67.5,79,28
2017-06-28,26,2.1,12,63.5,79,53
2017-06-29,26.2,2.2,12,64.8,84,47
2017-06-30,25.9,2.2,12,65.9,95,52
2017-07-01,25.3,2,13,73.6,69,43
2017-07-02,24.3,2.5,10,90.5,76,26
2017-07-03,24.7,3.5,10,87.6,77,26
2017-07-04,26.7,2,12,74.5,100,34
2017-07-05,27.4,1.5,12,66.9,79,42
2017-07-06,27.6,1.7,2,72.3,85,52
2017-07-07,26.4,2,5,80.8,41,20
2017-07-08,26,2.6,9,83.3,54,28
2017-07-09,26.3,1,3,88,50,31
2017-07-10,24,2.3,9,96.5,59,35
2017-07-11,26,2.1,9,81.4,66,39
2017-07-12,27.1,2.3,12,75.9,54,41
2017-07-13,27.6,1.5,12,71,53,44
2017-07-14,28.7,2.1,12,68.4,53,40
2017-07-15,25,2.2,10,89,41,17
2017-07-16,26.2,1.4,10,83.4,47,16
2017-07-17,26.8,2,9,77.3,67,18
2017-07-18,26.5,1.6,12,80.6,90,23
2017-07-19,28.3,1.8,12,71.4,44,34
2017-07-20,29.9,2.2,9,66.1,44,46
2017-07-21,29.8,2.5,10,73.1,59,51
2017-07-22,29.3,2.3,10,75.8,119,48
2017-07-23,27,2.1,9,89.5,119,38
2017-07-24,26.2,1.2,11,82.3,112,28
2017-07-25,29.4,1.9,2,64.1,74,26
2017-07-26,28.7,2.7,3,55.6,59,16
2017-07-27,27.1,1.9,5,62.5,72,27
2017-07-28,25.5,1.5,3,92.1,86,25
2017-07-29,27.2,2.3,3,72.3,43,16
2017-07-30,27.9,1.9,13,64.4,87,25
2017-07-31,25.7,1.4,2,82.3,164,24
2017-08-01,28.6,1.7,2,73,50,27
2017-08-02,30,1.3,2,71.9,45,37
2017-08-03,30.2,2.2,5,60.6,47,23
2017-08-04,30.3,2.1,3,60.1,54,23
2017-08-05,31.4,1.9,3,63,76,27
2017-08-06,29.8,1.9,3,71.9,76,33
2017-08-07,29.2,2.4,12,68.1,66,32
2017-08-08,28.2,1.9,13,67.1,98,43
2017-08-09,27.6,2.3,3,66.4,94,34
2017-08-10,24.8,2,2,89.9,70,8
2017-08-11,27,2.3,2,72.5,74,10
2017-08-12,27.8,2.1,3,60.3,72,10
2017-08-13,26.3,2.8,3,62.1,51,8
2017-08-14,24.6,3.6,3,67.5,26,7
2017-08-15,21.9,3.6,3,93.8,34,9
2017-08-16,23.3,3.7,3,80.5,64,11
2017-08-17,24.8,2.1,3,77.1,63,13
2017-08-18,26.3,1.3,2,75.6,68,24
2017-08-19,26.1,2,3,75.8,58,22
2017-08-20,23.2,2.9,3,95.6,50,10
2017-08-21,25.8,2.4,10,81.5,62,11
2017-08-22,27.3,1.9,13,70.6,65,19
2017-08-23,27.2,2.6,10,84.1,63,20
2017-08-24,26.5,4,10,85.3,55,16
2017-08-25,25.3,1.7,12,61.9,40,25
2017-08-26,24.2,2,12,54.5,88,23
2017-08-27,22.7,1.4,2,62,70,24
2017-08-28,21.5,1.5,2,73.1,43,28
2017-08-29,19.5,3.2,14,51.4,42,18
2017-08-30,19.8,1.5,12,55.8,36,22
2017-08-31,22.2,1.6,2,62.4,62,33
2017-09-01,23.3,2.2,3,56,69,21
2017-09-02,23.8,1.8,2,59,78,26
2017-09-03,23.7,1.6,2,64,67,31
2017-09-04,24.6,1.6,2,53.8,43,28
2017-09-05,21.9,1.7,2,62.4,59,24
2017-09-06,20.6,1.2,13,75.5,88,24
2017-09-07,22.4,1.4,13,73.3,60,35
2017-09-08,24.3,1.7,13,67.5,60,46
2017-09-09,23.8,1.4,1,70.1,60,53
2017-09-10,23,1.4,3,74.3,60,46
2017-09-11,21.2,1.7,2,79.8,60,20
2017-09-12,22.1,1.9,13,58.6,68,20
2017-09-13,21.4,1.9,13,49.3,57,24
2017-09-14,22.4,1.7,2,48.8,58,29
2017-09-15,22.6,3.6,3,48.4,72,15
2017-09-16,22,3.6,3,50.9,93,10
2017-09-17,23.1,2.7,2,51.3,103,10
2017-09-18,21.9,2.1,12,62.8,96,20
2017-09-19,22.6,3,10,79.1,86,60
2017-09-20,19.5,2.4,12,48.9,64,18
2017-09-21,20.3,1.6,2,57.3,66,27
2017-09-22,20.6,2.1,2,60.8,72,30
2017-09-23,21.8,1.6,2,69.8,84,64
2017-09-24,22.4,2,3,71.5,62,63
2017-09-25,23.4,1.4,3,58,58,47
2017-09-26,25.1,1.9,3,57,46,48
2017-09-27,22.7,1.7,15,66.4,36,43
2017-09-28,19.2,2.8,12,49.1,51,24
2017-09-29,17.4,2.2,10,39.3,81,24
2017-09-30,20,1.5,1,64.9,56,38
2017-10-01,18.2,2.3,3,74.8,37,36
2017-10-02,22,2.3,3,62.3,36,20
2017-10-03,17.6,2.3,13,49.8,39,40
2017-10-04,16.7,1.8,12,48.5,57,24
2017-10-05,18.7,2.1,3,56.4,60,14
2017-10-06,18.9,2.3,3,66.4,74,13
2017-10-07,21.9,1.2,2,67.6,60,10
2017-10-08,23,1.4,2,66.9,84,19
2017-10-09,22.5,1.5,12,66,61,26
2017-10-10,21.4,1.3,1,76.9,13,30
2017-10-11,15.5,2.9,12,77.1,42,12
2017-10-12,11.4,2,12,71,54,23
2017-10-13,12.8,3.2,13,51,77,28
2017-10-14,14.4,2.5,13,42.8,115,22
2017-10-15,15.8,1.7,3,42.5,91,22
2017-10-16,16.6,1.7,13,47.6,93,32
2017-10-17,16.2,1.3,1,47.1,54,40
2017-10-18,16.5,2.4,3,58.8,78,29
2017-10-19,17,1.8,2,58.3,105,18
2017-10-20,17,1.5,2,58.6,129,34
2017-10-21,17.6,1.3,1,52.8,98,40
2017-10-22,16.3,3.1,3,50.4,54,26
2017-10-23,13.7,1.4,1,47,42,24
2017-10-24,14.4,1.9,13,54.3,60,34
2017-10-25,14.4,1.5,13,59,86,41
2017-10-26,14.5,1.2,1,56.5,92,52
2017-10-27,16.9,1.2,12,54.4,111,60
2017-10-28,17.2,2,2,51.9,126,48
2017-10-29,11.5,3.3,13,45.6,42,67
2017-10-30,7.7,2.4,13,27.4,50,39
2017-10-31,10.4,1.8,12,54.3,78,36
2017-11-01,14.4,2.1,9,72.4,85,40
2017-11-02,15.5,1.6,9,78.8,115,48
2017-11-03,12.3,3.2,12,66,45,40
2017-11-04,7.8,2.5,13,47.9,57,54
2017-11-05,8.4,1.5,12,52.5,63,42
2017-11-06,11.4,1.5,1,64.5,62,35
2017-11-07,14.4,1.5,2,61.4,114,44
2017-11-08,13.1,3,12,53.3,118,60
2017-11-09,9.4,1.2,2,39.6,75,52
2017-11-10,9.8,3,2,56.3,64,45
2017-11-11,5.9,2.2,12,42.9,55,70
2017-11-12,5.3,1.4,12,57.1,74,31
2017-11-13,8.4,1.9,2,64.4,82,40
2017-11-14,7.5,2.4,13,42.5,54,48
2017-11-15,3.2,2.8,14,38.3,71,25
2017-11-16,1,1.5,1,30.3,86,24
2017-11-17,3,2.2,2,39.4,88,40
2017-11-18,-2.1,3.4,13,38.5,39,40
2017-11-19,-1.6,2.2,12,37.8,79,25
2017-11-20,-0.4,1.4,12,55.3,94,36
2017-11-21,1.3,1.4,2,55.6,100,48
2017-11-22,4.3,2.4,2,54.8,80,56
2017-11-23,0.9,2.1,12,49.3,65,22
2017-11-24,-0.4,1.8,13,62.5,60,20
2017-11-25,3,1.8,3,77.6,110,27
2017-11-26,3.3,1.8,14,71.6,89,32
2017-11-27,2.5,1.3,2,53,76,44
2017-11-28,6.4,1.1,1,64.1,90,64
2017-11-29,3.2,2.8,13,48.3,55,57
2017-11-30,-2.4,3.3,13,26.8,55,24
2017-12-01,-2.2,1.6,12,49.4,84,24
2017-12-02,1.9,1.7,2,59.9,110,38
2017-12-03,4.9,1.5,2,83.1,118,46
2017-12-04,-1.2,3.4,13,48.1,37,39
2017-12-05,-4.2,2.8,13,40.1,67,26
2017-12-06,0.2,2.1,13,72.6,85,30
2017-12-07,0.7,1.7,13,64.5,94,40
2017-12-08,-3.8,1.8,13,41.3,54,32
2017-12-09,-0.5,1,1,46.1,85,40
2017-12-10,1.1,2,4,67.9,84,36
2017-12-11,-7,3.5,13,40.5,54,48
2017-12-12,-9.4,2.1,14,41.9,48,39
2017-12-13,-8.7,1.7,13,42,75,41
2017-12-14,-6.6,0.9,16,42.9,106,58
2017-12-15,-3,1,16,52.6,117,77
2017-12-16,-5.7,3,13,43.1,57,46
2017-12-17,-6.7,1.9,13,38.1,64,40
2017-12-18,-1.6,1.2,1,80,71,54
2017-12-19,-3.9,2.1,13,49.4,61,44
2017-12-20,-3.9,1.1,4,68,82,45
2017-12-21,-0.9,1.2,13,71.4,74,48
2017-12-22,3.4,1.1,1,66.6,83,54
2017-12-23,6.1,1.1,9,75.8,125,94
2017-12-24,2.9,1.9,13,82,95,66
2017-12-25,-2.1,2.8,13,43.1,70,30
2017-12-26,-3.8,2.9,13,41.8,81,28
2017-12-27,-6.9,1.9,13,31.4,91,29
2017-12-28,-2.1,1.3,13,47,130,44
2017-12-29,2.1,1.1,13,67,248,82
2017-12-30,1.4,0.9,13,79.5,216,102
2017-12-31,-0.3,2.3,13,54.4,127,56
2018-01-01,-1.3,1.4,13,39.1,136,45
2018-01-02,-1.8,1.8,13,42,111,37
2018-01-03,-4.7,2.2,13,42.3,49,36
2018-01-04,-4.7,1.4,13,43,55,44
2018-01-05,-3,1.7,13,48.4,69,54
2018-01-06,-2.8,1.5,13,45.8,87,46
2018-01-07,-0.8,0.8,4,42.1,61,50
2018-01-08,1.3,1.8,12,51.9,80,50
2018-01-09,-4.2,2.9,13,59.4,1,40
2018-01-10,-7.5,3,13,52,7,30
2018-01-11,-11.1,2.8,13,49.8,25,33
2018-01-12,-10.2,1.7,13,35.4,60,25
2018-01-13,-4.4,0.8,2,67.3,66,48
2018-01-14,0.6,1.2,4,64.1,71,59
2018-01-15,4.7,1.4,13,63.9,108,62
2018-01-16,3.5,0.7,1,59.1,126,90
2018-01-17,4.5,1.2,13,64.1,155,88
2018-01-18,2.1,1.9,13,59.6,151,74
2018-01-19,1,1.6,13,43,160,56
2018-01-20,2.2,1.6,12,57.6,165,87
2018-01-21,0.4,1,13,36.6,191,58
2018-01-22,0.2,1.5,13,56.5,60,43
2018-01-23,-11.7,3.7,13,42,35,24
2018-01-24,-14.2,3.4,13,31.6,57,30
2018-01-25,-14,2.8,15,32.6,41,26
2018-01-26,-14.8,2.6,14,34.9,38,33
2018-01-27,-9.9,1.4,12,37.4,72,44
2018-01-28,-6.3,2.6,13,36,64,31
2018-01-29,-8.5,2.7,12,35,82,47
2018-01-30,-5.3,1.3,9,62,78,43
2018-01-31,-2.6,1.6,13,54.5,70,40
2018-02-01,-4,1.6,13,44.1,93,40
2018-02-02,-2.4,1.6,13,51.1,54,50
2018-02-03,-7.3,3.8,13,47,46,34
2018-02-04,-9.5,3.1,13,40.9,68,34
2018-02-05,-9.4,3,13,37.8,49,26
2018-02-06,-10.1,3.1,13,36.5,55,32
2018-02-07,-8,1.5,13,39.8,71,40
2018-02-08,-4.4,1.2,1,43.3,71,49
2018-02-09,0.4,1.1,10,43.9,97,60
2018-02-10,-0.5,3,13,47.4,55,63
2018-02-11,-6.1,2.7,12,42.5,69,52
2018-02-12,-5.8,2.7,12,40.8,60,50
2018-02-13,-0.8,2.7,9,54.5,83,52
2018-02-14,3.5,2.6,11,51,78,62
2018-02-15,-0.7,2.5,13,28,56,40
2018-02-16,-1.1,2.1,12,40.1,83,44
2018-02-17,-3,2.9,13,25.6,92,50
2018-02-18,-0.4,1.3,12,26.9,43,38
2018-02-19,1.8,1.5,13,48.6,88,56
2018-02-20,0.9,2.5,13,41,88,57
2018-02-21,-0.9,2.3,13,31.5,74,38
2018-02-22,1.3,2.2,10,59,86,44
2018-02-23,4.2,1.9,10,81.1,73,81
2018-02-24,2.4,2.1,13,49.4,46,66
2018-02-25,1.9,1.7,13,40.6,77,44
2018-02-26,3.1,1.4,13,43.1,94,58
2018-02-27,4.2,0.9,4,48.8,127,81
2018-02-28,4.6,2,4,73.3,124,62
2018-03-01,-0.2,3.8,13,61.9,59,39
2018-03-02,-0.7,1.5,13,34,62,68
2018-03-03,7.9,1.5,12,38.1,61,60
2018-03-04,9.8,1.2,4,89.1,58,28
2018-03-05,5.5,2,2,67.5,42,9
2018-03-06,4.5,1.6,1,46.8,54,32
2018-03-07,6.4,1.8,4,54,71,30
2018-03-08,4.6,1.9,14,76,49,30
2018-03-09,4.5,1.5,13,63.3,78,52
2018-03-10,4.6,2,13,65.8,98,42
2018-03-11,6.4,2,13,51.3,187,54
2018-03-12,8,1.4,13,45.8,109,80
2018-03-13,12.4,1.8,10,60.5,60,54
2018-03-14,17,2.3,10,58.8,61,27
2018-03-15,12.4,2.1,12,92.1,57,18
2018-03-16,7.1,1.9,4,46.9,34,15
2018-03-17,6.6,1.5,12,48,78,32
2018-03-18,8.2,1.2,13,55.9,65,52
2018-03-19,8,2.5,4,64.5,73,26
2018-03-20,4.7,3.4,4,39.9,47,18
2018-03-21,2.1,1.7,1,64.1,55,14
2018-03-22,4.9,2.2,12,61.5,100,42
2018-03-23,6.1,2,12,55.3,109,60
2018-03-24,7.6,2.1,12,61.9,74,92
2018-03-25,9.6,1.7,13,65.6,85,102
2018-03-26,11,1.9,13,64.5,91,96
2018-03-27,13.3,1.6,11,61.1,82,81
2018-03-28,14,2.2,11,66.4,85,51
2018-03-29,15.4,1.6,12,66.3,82,59
2018-03-30,14.8,1.7,4,55.6,88,60
2018-03-31,14,1.9,12,52.9,77,63
2018-04-01,15.6,1.5,9,68.8,119,67
2018-04-02,18.4,1.9,10,64,110,68
2018-04-03,17.8,2.1,10,72.9,92,64
2018-04-04,13.4,1.9,4,67,31,15
2018-04-05,7.6,2,4,90.6,58,7
2018-04-06,5.8,3.1,12,71.6,66,103
2018-04-07,4.2,4.1,12,45.5,45,50
2018-04-08,3.9,1.8,4,59.6,75,26
2018-04-09,7.9,1.1,1,57.9,88,40
2018-04-10,15.1,3.5,9,51,219,46
2018-04-11,12.6,3,12,49.4,63,58
2018-04-12,13.3,2.6,14,30.5,97,50
2018-04-13,14.6,1.3,5,22.9,53,36
2018-04-14,9,1.8,13,78.8,63,20
2018-04-15,9.5,2.4,12,65.5,78,67
2018-04-16,11.6,1.6,12,41.9,96,40
2018-04-17,12.9,1.9,13,37.9,104,60
2018-04-18,12.4,1.9,13,35.4,106,64
2018-04-19,14,1.9,13,38.8,82,73
2018-04-20,18.4,1.3,1,46,76,88
2018-04-21,18.7,1.9,12,32,78,64
2018-04-22,15.5,1.1,5,57.4,29,35
2018-04-23,9.3,2.2,5,93.9,50,10
2018-04-24,12.1,1.4,5,63.3,54,9
2018-04-25,14.6,1.5,13,37.8,75,36
2018-04-26,14.9,2.1,13,51.9,87,46
2018-04-27,15.7,1.7,13,52.9,73,53
2018-04-28,15.4,2,13,49,84,55
2018-04-29,16.2,1.9,13,43.1,72,55
2018-04-30,19.2,1.6,13,61.6,105,74
2018-05-01,20.4,1.5,14,72.8,116,56
2018-05-02,15.1,1.9,3,90.4,43,42
2018-05-03,11.2,2.7,13,62.4,53,32
2018-05-04,14.1,2.7,12,45.5,82,46
2018-05-05,18.3,2.6,10,46.8,60,43
2018-05-06,16.6,1.1,4,86.4,61,16
2018-05-07,19.2,1.2,13,60.3,95,38
2018-05-08,17.5,1.7,5,50.9,60,22
2018-05-09,15.7,1.7,4,50.4,68,25
2018-05-10,15.4,2.3,12,67.4,58,46
2018-05-11,16.1,1.8,13,59.8,72,56
2018-05-12,14.2,0.9,2,89.3,97,29
2018-05-13,15.8,1.9,12,82.5,81,26
2018-05-14,18.2,1.4,12,71.4,81,68
2018-05-15,23.2,1.1,10,56.4,58,68
2018-05-16,22.3,1.9,9,93.8,53,35
2018-05-17,20.9,1.4,12,97,55,15
2018-05-18,16.3,1.3,3,86.8,52,11
2018-05-19,17.6,1.5,4,47.5,52,11
2018-05-20,17,1.4,4,32.1,33,11
2018-05-21,17.8,1.4,5,43.9,45,21
2018-05-22,18.1,1.1,13,75.5,50,35
2018-05-23,17.3,2.5,14,57.1,93,48
2018-05-24,18.3,2.2,10,47.4,96,90
2018-05-25,19.7,1.8,13,47.4,67,86
2018-05-26,21.8,1.4,13,50.1,86,72
2018-05-27,20.3,1.7,14,47.4,108,60
2018-05-28,22.3,1.6,12,49.8,123,56
2018-05-29,21.4,1.8,13,69.3,84,49
2018-05-30,20.2,1.9,12,69.8,63,52
2018-05-31,20.9,1.9,13,58.9,68,51
2018-06-01,23.8,1.9,13,50.4,66,48
2018-06-02,23.4,2,12,44.5,62,40
2018-06-03,24,1.6,12,39.4,73,34
2018-06-04,22.6,1.9,13,50.1,80,40
2018-06-05,23.7,1.7,13,52.5,89,44
2018-06-06,23,2,12,62.9,88,46
2018-06-07,22.2,2,12,69.3,84,45
2018-06-08,21.9,2.1,13,68,71,34
2018-06-09,23.7,1.4,4,60.6,63,39
2018-06-10,21.3,1.4,4,59.9,42,9
2018-06-11,20.2,1.4,3,67.3,62,11
2018-06-12,21.3,1.7,13,65.5,65,16
2018-06-13,22,1.5,2,64,70,28
2018-06-14,21.6,1.1,4,74.9,51,29
2018-06-15,21.7,1.4,4,60.8,57,15
2018-06-16,22.5,1.4,13,56.4,57,23
2018-06-17,22.8,1.3,12,66.9,64,44
2018-06-18,24.8,1.5,13,54.9,70,42
2018-06-19,22.4,1.8,11,61.3,74,39
2018-06-20,22.7,2.3,13,68.1,74,44
2018-06-21,23.7,2.2,13,60.1,73,39
2018-06-22,25,1.8,13,45.1,65,40
2018-06-23,24.5,2,12,50.6,52,38
2018-06-24,25.2,1.9,12,62.8,49,54
2018-06-25,27.1,1.2,13,57.1,46,54
2018-06-26,22.3,2.4,10,88.3,39,44
2018-06-27,22.3,2,11,81.9,54,28
2018-06-28,23.3,1.1,8,85.1,47,25
2018-06-29,24.7,1.5,12,78.5,53,36
2018-06-30,24.4,0.9,2,83.8,55,48
2018-07-01,21.9,0.8,5,94.6,48,14
2018-07-02,22.6,0.7,2,95.4,42,9
2018-07-03,27.4,0.8,3,74.4,60,13
2018-07-04,27.3,1.7,13,69.6,73,22
2018-07-05,25.3,1.2,4,72.8,81,19
2018-07-06,23.9,1.8,4,57.8,56,7
2018-07-07,23.7,1.6,4,51.4,45,8
2018-07-08,23.3,1.5,4,51.5,41,12
2018-07-09,20.8,1.1,4,82.3,30,10
2018-07-10,23.7,0.7,5,87.8,32,23
2018-07-11,26.8,1.3,2,82.9,54,30
2018-07-12,26.6,1.5,13,82.4,48,24
2018-07-13,27.3,1.8,13,74.8,50,20
2018-07-14,27.9,1.9,13,69.6,47,20
2018-07-15,28.3,1.6,13,69.6,41,22
2018-07-16,28.7,1.7,13,64.3,57,26
2018-07-17,28.1,1.7,13,66.5,55,30
2018-07-18,28.2,1.6,13,64.8,52,36
2018-07-19,28.7,1.6,13,64.1,52,29
2018-07-20,29.5,1.5,13,62.6,52,36
2018-07-21,30.6,1.5,13,53.6,56,38
2018-07-22,31.8,1.4,12,49.6,50,30
2018-07-23,31.7,1.8,13,53.8,23,32
2018-07-24,31.4,1.6,13,59.5,26,40
2018-07-25,30.1,2.4,10,66.3,56,30
2018-07-26,30.1,1.5,13,68.8,66,40
2018-07-27,30.9,1.9,13,69.3,54,44
2018-07-28,29.5,1.2,12,77.1,49,44
2018-07-29,31.3,1.2,2,52.4,51,16
2018-07-30,31.7,1.2,3,50.9,60,9
2018-07-31,32.6,1.5,4,50.5,56,18
2018-08-01,33.6,1.7,12,55.5,60,34
2018-08-02,33.7,1.6,13,54.4,61,40
2018-08-03,33.1,1.9,12,55.3,60,44
2018-08-04,31.1,2.4,12,60.6,44,26
2018-08-05,30,2.6,12,71.8,92,25
2018-08-06,30.5,1.6,13,71.6,60,30
2018-08-07,30.5,1.5,4,63.4,62,20
2018-08-08,31,2.1,13,64.8,55,25
2018-08-09,28.8,1.5,13,76.3,65,25
2018-08-10,30.7,1.4,15,60.9,55,16
2018-08-11,31,1.5,5,55.8,59,11
2018-08-12,30.6,1.5,7,61.3,52,15
2018-08-13,30.5,1.4,2,68.6,40,31
2018-08-14,31.7,1.3,13,58.3,18,26
2018-08-15,31.7,1.2,3,59.5,19,32
2018-08-16,29.9,1.7,4,51,28,12
2018-08-17,27.2,1.8,5,39.8,41,14
2018-08-18,26.7,1.4,5,44.6,30,18
2018-08-19,28.2,1.2,1,50.6,10,23
2018-08-20,29.1,2,6,55.6,17,36
2018-08-21,26.6,2.5,13,71.4,56,24
2018-08-22,30.7,1.1,5,54.1,52,24
2018-08-23,29.4,1.7,3,59.1,48,12
2018-08-24,24.4,2.5,13,86.3,54,8
2018-08-25,25.2,2.6,9,68,50,23
2018-08-26,23.2,1.2,2,70,54,18
2018-08-27,22.7,0.8,3,91,49,12
2018-08-28,23.7,0.9,4,92.4,51,14
2018-08-29,25.2,2.4,9,86,57,14
2018-08-30,25.3,1.8,13,80.9,42,31
2018-08-31,25.6,1.6,13,67.4,26,24
2018-09-01,25.5,1.3,3,59.4,40,18
2018-09-02,25.1,1.5,4,55.8,55,14
2018-09-03,23.3,1,3,85.3,59,17
2018-09-04,23.2,2.2,13,69.4,33,16
2018-09-05,24,2.5,12,63.5,57,28
2018-09-06,24.1,2,9,69.9,68,35
2018-09-07,22,2.5,13,54.6,39,30
2018-09-08,21.7,1.7,13,48.8,53,24
2018-09-09,22.2,1.2,3,49,47,22
2018-09-10,22.9,1.6,4,49.5,60,12
2018-09-11,21.6,1.5,3,48.1,62,13
2018-09-12,22.8,1.4,3,52,60,16
2018-09-13,23.5,1.2,3,63.5,72,20
2018-09-14,23.5,1.3,3,66.9,63,19
2018-09-15,23.3,1,3,76,73,14
2018-09-16,22.2,1.7,12,83.6,42,36
2018-09-17,22.3,1.9,13,64.3,68,28
2018-09-18,22,1.2,13,59.8,93,36
2018-09-19,22.1,1,2,59.1,60,45
2018-09-20,19,1.8,4,82.4,35,17
2018-09-21,19.4,1.3,4,85.8,70,10
2018-09-22,20.8,1.8,12,62.3,85,32
2018-09-23,19.4,1.6,12,52.9,73,30
2018-09-24,17.6,2.1,14,48.3,55,15
2018-09-25,17.8,1.1,1,48,54,14
2018-09-26,19.4,1.7,4,47.9,75,9
2018-09-27,18.9,1.3,3,47.6,61,9
2018-09-28,17.5,1.2,3,58.1,74,16
2018-09-29,20.2,1,3,55.5,92,15
2018-09-30,17.6,2.3,12,52.5,56,20
2018-10-01,15.4,2.9,12,55.1,41,16
2018-10-02,15.9,1.6,13,61.4,59,26
2018-10-03,17.3,1.3,13,58,73,26
2018-10-04,19.3,1.3,3,56.5,78,21
2018-10-05,16.9,1.7,3,84.1,81,10
2018-10-06,18,2.2,4,84,93,7
2018-10-07,16.4,1.7,13,53.5,60,26
2018-10-08,14.8,1.1,1,47,106,23
2018-10-09,15.3,1.1,3,52.5,47,26
2018-10-10,12,2.5,13,61,40,22
2018-10-11,9.7,2.1,14,51,60,18
2018-10-12,10.9,1.3,13,54,94,26
2018-10-13,12.5,1,2,54,97,32
2018-10-14,13.2,1.5,13,60,82,36
2018-10-15,15.2,1.4,14,69.9,90,56
2018-10-16,14.5,1.3,13,55.9,103,46
2018-10-17,12.4,1.3,13,53.3,46,40
2018-10-18,12.7,1.1,2,59.5,51,19
2018-10-19,13.1,1.4,12,54.3,70,22
2018-10-20,13.4,1.2,12,53.9,81,40
2018-10-21,13.4,1.1,12,49.5,77,38
2018-10-22,14,1,1,50,84,48
2018-10-23,12.2,1.1,2,75.1,77,52
2018-10-24,12.5,1.3,13,66,95,43
2018-10-25,13.8,0.9,2,55.5,114,40
2018-10-26,12.2,1.6,12,74.1,81,34
2018-10-27,8.7,3.2,12,49.6,72,28
2018-10-28,8.3,1.5,3,77.1,66,15
2018-10-29,7.2,2,13,57.3,34,17
2018-10-30,6.1,1.6,12,51.3,62,23
2018-10-31,7.4,1.6,13,55.4,68,22
2018-11-01,8.4,1.3,13,53.4,99,38
2018-11-02,10.6,1.1,1,54.9,106,44
2018-11-03,11.2,1.3,1,56,74,52
2018-11-04,11.6,1.3,12,55,95,42
2018-11-05,11.9,1.1,12,65.5,52,60
2018-11-06,12.2,0.9,12,70.5,47,96
2018-11-07,12.8,1.1,3,79.5,60,70
2018-11-08,11.8,1.8,4,93.8,52,12
2018-11-09,12.1,3.1,12,69,69,40
2018-11-10,11.9,1.4,13,69.1,78,73
2018-11-11,8.1,1.1,2,67.6,141,69
2018-11-12,8.1,1.2,14,52.3,104,32
2018-11-13,8.8,1.1,13,51.6,122,42
2018-11-14,9.8,1.1,14,55.5,119,36
2018-11-15,9.7,1,1,55.4,100,52
2018-11-16,8.8,1.7,13,65.1,33,60
2018-11-17,4.9,1.4,13,50.8,78,35
2018-11-18,6.1,1.1,12,48.8,92,39
2018-11-19,6.5,1.4,1,50.4,101,59
2018-11-20,6.5,1.8,9,39.9,93,45
2018-11-21,5.8,1.2,15,57.1,68,36
2018-11-22,2.3,2.4,12,35,83,22
2018-11-23,1.9,1.4,13,29.6,88,24
2018-11-24,2.6,1.8,3,71.1,128,26
2018-11-25,4.8,1,1,77.8,106,51
2018-11-26,6.3,1,1,70.1,138,66
2018-11-27,7.1,1.5,3,65,228,104
2018-11-28,5,1.6,13,27.1,271,94
2018-11-29,3.5,1.3,13,41.4,216,68
2018-11-30,2.7,1.4,12,46.1,189,56
2018-12-01,5.5,1,1,42.3,237,48
2018-12-02,8.2,1.3,4,50.1,83,48
2018-12-03,11.5,1.4,4,87.4,116,45
2018-12-04,6.7,2.7,13,74.9,91,35
2018-12-05,0,1.5,13,39.5,68,30
2018-12-06,2.4,2.3,12,50.5,64,38
2018-12-07,-7.3,3.8,13,37.1,40,24
2018-12-08,-8.3,2.6,15,37.1,62,24
2018-12-09,-7.2,1.5,13,27,91,22
2018-12-10,-2.5,0.9,2,33.3,122,38
2018-12-11,0.2,1.2,1,44.8,91,46
2018-12-12,-1.9,2.2,13,39,73,48
2018-12-13,-2.2,2,14,57.4,87,42
2018-12-14,-4.4,1.7,13,44.3,73,35
2018-12-15,-2.4,1,1,46.8,84,66
2018-12-16,0,0.9,2,63.8,106,64
2018-12-17,1.6,1.8,13,60.1,119,74
2018-12-18,2.6,1.4,10,56.3,104,52
2018-12-19,4,1.4,13,53.4,153,54
2018-12-20,3.4,0.9,1,45.5,107,64
2018-12-21,5.6,1.1,3,40.1,132,80
2018-12-22,6.9,1.5,13,48.9,134,88
2018-12-23,2.4,2.9,13,43,65,54
2018-12-24,-2.3,1.6,13,35.9,105,24
2018-12-25,0.6,1.2,2,53.4,116,38
2018-12-26,-1.5,2.8,13,40.8,52,51
2018-12-27,-10.1,3.5,13,28.3,54,28
2018-12-28,-10.5,2.5,13,33,45,36
2018-12-29,-7.6,2.9,13,29,64,38
2018-12-30,-6.8,1.2,13,35.9,87,36
2018-12-31,-5.4,1.2,13,39.6,105,28
2019-01-01,-5,2.1,13,49.5,105,40
2019-01-02,-4.9,1.7,12,42.8,126,38
2019-01-03,-3.5,1.4,13,38.8,169,40
2019-01-04,-1.1,1.2,1,55.5,172,68
2019-01-05,-2.8,2.2,13,40.3,67,67
2019-01-06,-2.8,1.2,13,35,103,50
2019-01-07,-1.9,1.4,13,46.4,150,60
2019-01-08,-3.5,2.6,13,31,91,45
2019-01-09,-4.7,1.3,2,28.8,68,52
2019-01-10,-0.6,1.3,13,48.8,88,60
2019-01-11,2.4,1,1,58.8,141,77
2019-01-12,2.8,1.3,13,47.6,146,96
2019-01-13,1.2,1.4,12,54.3,287,110
2019-01-14,1.4,0.9,13,68.6,192,150
2019-01-15,-1.7,2.7,13,58.8,109,121
2019-01-16,-5.2,2.3,12,45.9,65,46
2019-01-17,-0.3,1.7,13,45.8,94,44
2019-01-18,0.6,1.3,13,44,111,60
2019-01-19,3.6,1.2,2,59.8,124,96
2019-01-20,-1.4,3.2,13,38.5,69,68
2019-01-21,-1.2,1.6,12,57.8,83,44
2019-01-22,1.7,1.7,1,62,95,63
2019-01-23,2,2.3,12,48.9,102,74
2019-01-24,0.1,1.7,12,34.9,121,44
2019-01-25,-1.2,2.6,13,27.6,70,48
2019-01-26,-2.5,2.4,14,30.9,78,46
2019-01-27,-0.1,1.7,10,52.5,90,41
2019-01-28,1.2,3.1,13,40.4,75,70
2019-01-29,-0.2,1.5,13,35.5,103,66
2019-01-30,1.8,1.5,13,54.6,122,62
2019-01-31,-2,2.9,13,29,54,66
2019-02-01,-2.1,1.7,12,47.6,85,40
2019-02-02,1.4,1,3,60,73,58
2019-02-03,3.3,1.7,4,92.9,138,44
2019-02-04,-0.6,2.1,13,40.4,135,70
2019-02-05,2.8,1,2,37.1,110,72
2019-02-06,5.1,1.3,1,54.9,112,82
2019-02-07,-2.1,3.5,13,45.5,44,58
2019-02-08,-6.1,2.3,13,31.5,52,34
2019-02-09,-5.4,2.7,14,30,57,38
2019-02-10,-5,1.7,13,31.3,40,46
2019-02-11,-3,2.3,12,34.9,86,43
2019-02-12,-0.6,1.9,13,35.5,128,62
2019-02-13,-2.1,2.4,13,26.6,62,43
2019-02-14,-0.5,1.4,11,24.3,53,56
2019-02-15,-0.8,1.9,13,72.8,76,46
2019-02-16,-2.7,2.6,14,59,40,65
2019-02-17,-1.8,1.9,12,47.4,56,42
2019-02-18,0.9,1.3,13,43.5,77,48
2019-02-19,1.4,1.4,3,80.8,103,50
2019-02-20,1.7,2.1,12,67.8,135,61
2019-02-21,2.4,1.5,12,59.4,124,80
2019-02-22,4,1.5,9,56.1,127,78
2019-02-23,6.8,1.1,1,41,124,65
2019-02-24,6.3,1.8,13,45,122,72
2019-02-25,4.7,2.3,13,55.8,115,84
2019-02-26,5.2,1.6,12,32.8,134,56
2019-02-27,7.8,1.6,13,31.3,130,72
2019-02-28,6.6,2,13,39.5,126,84
2019-03-01,6.6,2.1,13,42.3,138,110
2019-03-02,7.8,1.1,13,37.6,121,111
2019-03-03,9.4,1.5,1,36.4,131,105
2019-03-04,9.9,1.9,12,46.1,100,122
2019-03-05,8.4,2,11,66.3,116,164
2019-03-06,8.4,2,13,55,81,126
2019-03-07,7,2.2,12,51.1,76,56
2019-03-08,6.1,1.9,13,39.4,95,51
2019-03-09,7.2,1.3,13,31.8,74,50
2019-03-10,10.1,1.2,2,26.4,114,54
2019-03-11,6.6,1.8,10,61,59,73
2019-03-12,3.9,2.7,12,55.1,50,78
2019-03-13,3.5,3.3,12,38.5,56,40
2019-03-14,5,1.9,9,45.3,67,48
2019-03-15,5.5,1.6,12,72.8,58,54
2019-03-16,4.3,1.8,13,69.9,76,44
2019-03-17,6.3,2,13,55.4,90,40
2019-03-18,7.1,1.4,12,43.8,85,44
2019-03-19,10,1.4,1,52,66,68
2019-03-20,10.3,1.4,4,79,59,94
2019-03-21,7.1,2.9,12,77.4,44,36
2019-03-22,3.3,2.8,13,40.9,65,36
2019-03-23,3.3,2.4,14,46.9,42,26
2019-03-24,4.3,2.3,10,45.4,86,27
2019-03-25,7.3,2,10,56.1,74,46
2019-03-26,11.4,2,12,51.1,88,57
2019-03-27,11.6,3,9,66.4,83,83
2019-03-28,9.4,2.6,12,49.9,74,75
2019-03-29,9.2,2.1,14,33.1,100,39
2019-03-30,5.2,2.9,12,72,59,38
2019-03-31,4.4,3.2,13,46,78,41
2019-04-01,5.5,2.5,12,39.8,75,26
2019-04-02,6.7,2.2,13,36.9,70,32
2019-04-03,7.6,2.3,13,36.1,75,40
2019-04-04,9.2,2.5,12,43,94,36
2019-04-05,11.4,2.9,10,41,134,62
2019-04-06,9.3,1.1,2,39.9,119,56
2019-04-07,12.6,1.7,13,43.1,92,38
2019-04-08,11.6,2.5,13,25.6,76,38
2019-04-09,9.2,2.4,3,49.1,26,33
2019-04-10,7.1,1.8,4,78.4,53,8
2019-04-11,9.5,1.9,13,58,97,29
2019-04-12,11.4,2.2,13,48.5,91,54
2019-04-13,11.8,1.8,12,34,77,52
2019-04-14,9.6,2.2,12,45.5,65,40
2019-04-15,11.6,1.8,12,30.9,73,50
2019-04-16,14.9,1.6,13,26.3,75,49
2019-04-17,15.3,1.9,12,37.5,90,40
2019-04-18,12.6,2,12,74.4,94,44
2019-04-19,13.8,1.6,3,57.5,66,50
2019-04-20,14.3,1.9,13,66.9,89,45
2019-04-21,14.8,1.9,13,77.8,74,34
2019-04-22,19.3,1.4,12,50.6,78,80
2019-04-23,20.4,1.3,12,52,44,78
2019-04-24,19.5,1.6,13,70.4,92,58
2019-04-25,13.2,2,3,75.9,42,38
2019-04-26,8.4,1.5,1,82.1,46,13
2019-04-27,11.6,1.7,13,52.6,63,18
2019-04-28,12.9,1.6,13,48.8,47,20
2019-04-29,13,0.9,2,52.9,89,22
2019-04-30,15.5,1.6,12,52.8,113,37
2019-05-01,16.4,2.3,12,48.9,58,50
2019-05-02,17.1,2.3,13,28.5,62,48
2019-05-03,17.9,1.6,13,37.5,69,59
2019-05-04,19.5,1.7,13,40.4,57,82
2019-05-05,19.2,2.2,12,35.8,93,72
2019-05-06,14.5,3.1,13,27.1,74,37
2019-05-07,15,2.3,11,33.4,68,50
2019-05-08,15.6,2.3,9,48.3,71,52
2019-05-09,16.6,2.2,12,43.3,69,50
2019-05-10,17.8,1.9,12,48,70,62
2019-05-11,20.3,1.8,13,39,69,62
2019-05-12,21.6,1.5,12,36,75,57
2019-05-13,18.7,1.6,13,43.4,164,58
2019-05-14,19.6,1.6,12,44.5,131,43
2019-05-15,20.7,1.7,13,48.1,76,64
2019-05-16,23.5,1.5,12,43.8,53,63
2019-05-17,23.6,1.2,3,44.9,43,56
2019-05-18,22.8,2.1,5,46.8,35,31
2019-05-19,19.4,1.2,3,93,68,18
2019-05-20,16.4,3.4,12,63.6,62,32
2019-05-21,17.2,2.9,9,52,63,49
2019-05-22,19.5,2.4,10,46,61,53
2019-05-23,22.1,1.7,12,45,66,68
2019-05-24,24.2,1.7,13,46.4,66,72
2019-05-25,23.4,1.6,9,45.6,65,70
2019-05-26,24.5,1.8,12,39,51,40
2019-05-27,17.8,2.4,6,80.9,34,24
2019-05-28,18.1,2.6,12,45.9,48,21
2019-05-29,20.3,2,13,48.4,49,44
2019-05-30,19.6,2.4,9,48,46,44
2019-05-31,19.1,2.8,13,49.6,51,24
2019-06-01,18.9,1.9,12,60.5,70,35
2019-06-02,21.1,1.7,13,42.1,65,35
2019-06-03,23.1,1.8,7,42.9,77,37
2019-06-04,22.6,2.2,13,56.4,79,31
2019-06-05,23,1.8,12,63.8,54,47
2019-06-06,21.2,1.2,4,75.9,42,50
2019-06-07,20,1.9,2,77.3,49,16
2019-06-08,21.9,1.4,2,57.5,58,26
2019-06-09,21.6,1.8,13,66.1,44,38
2019-06-10,18.4,1.6,3,70.3,49,14
2019-06-11,20.5,1.4,2,51.1,56,17
2019-06-12,21.5,1.8,13,57.1,63,28
2019-06-13,23,1.7,13,51.9,66,29
2019-06-14,23,1.8,13,54.8,58,30
2019-06-15,21.9,2.4,13,61.5,56,32
2019-06-16,22,1.6,2,55.4,50,16
2019-06-17,21.7,2.3,13,59.1,62,24
2019-06-18,20.8,1.5,11,78.6,69,34
2019-06-19,21.4,1.9,12,77.8,71,32
2019-06-20,22.7,1.9,12,70.6,65,26
2019-06-21,22.1,1.7,13,72.9,63,26
2019-06-22,24.2,1.5,3,42.3,45,10
2019-06-23,25,1.8,2,40.4,59,11
2019-06-24,25.2,2,12,46.9,55,20
2019-06-25,25.6,1.6,13,49.1,47,32
2019-06-26,25.5,1.3,2,52.6,47,29
2019-06-27,25.5,1.4,2,70.5,60,19
2019-06-28,24.7,1.7,13,67.3,60,38
2019-06-29,23.1,1.2,2,72,66,26
2019-06-30,23.9,2.3,9,73.5,56,32
2019-07-01,23.9,2.3,12,64.4,46,32
2019-07-02,24.4,2.3,12,63.5,56,30
2019-07-03,24.1,1.7,13,64.6,46,34
2019-07-04,25.4,1.9,13,59.6,67,29
2019-07-05,27.6,1.5,1,42.1,52,30
2019-07-06,29.7,1.7,4,40.9,36,25
2019-07-07,26.7,2.2,4,43.3,26,15
2019-07-08,25.1,2,3,46.6,42,12
2019-07-09,25,1.8,4,46.4,52,10
2019-07-10,22.7,2,3,64.1,57,10
2019-07-11,21.9,1.3,2,76.9,73,8
2019-07-12,23.6,2,13,65.5,66,16
2019-07-13,24.9,1.7,13,67.3,62,34
2019-07-14,25.9,1.6,13,64.6,52,42
2019-07-15,23.8,1.1,2,80,42,37
2019-07-16,24.7,1.3,2,79,57,34
2019-07-17,25.6,1.2,12,73.9,51,60
2019-07-18,26.9,1.2,13,65,40,64
2019-07-19,28.6,1.5,4,61.3,32,35
2019-07-20,28,2.1,4,66.9,54,10
2019-07-21,25.1,2.2,10,87.1,58,18
2019-07-22,26.7,2.2,9,74.6,67,44
2019-07-23,28.1,1.7,10,70.8,45,24
2019-07-24,26.5,1.6,9,82.3,54,24
2019-07-25,26.3,1.2,9,90.1,60,26
2019-07-26,25.1,1.7,9,95.3,61,19
2019-07-27,28.4,1.3,6,76.6,62,21
2019-07-28,26.1,2.2,9,88.3,42,13
2019-07-29,27.5,2.6,9,74.5,42,14
2019-07-30,28.1,3.4,9,75.3,28,20
2019-07-31,25.8,2.2,9,91.1,44,18
2019-08-01,26.3,1.7,12,86.4,48,14
2019-08-02,28.4,1.2,12,74.6,28,20
2019-08-03,29.4,1.3,2,69,52,20
2019-08-04,28.3,1.2,2,75.9,42,30
2019-08-05,30.5,1.1,15,65.5,40,38
2019-08-06,31.6,1.5,3,51.4,33,26
2019-08-07,26.9,1.2,13,78.1,31,21
2019-08-08,28.9,1.6,13,71.4,44,40
2019-08-09,29.8,1.3,13,69,54,24
2019-08-10,31.5,1.5,4,57.9,32,24
2019-08-11,30.4,2.5,4,53.6,8,19
2019-08-12,26.6,1.3,3,91.8,8,18
2019-08-13,29.2,1.5,12,76.9,22,26
2019-08-14,30.4,1.5,3,63.9,28,18
2019-08-15,25.9,1.3,2,82,37,9
2019-08-16,25.9,2.2,12,74.5,35,18
2019-08-17,25.9,2.5,12,69.5,39,30
2019-08-18,25.6,1.7,12,66.5,46,23
2019-08-19,26.3,1.1,2,60.6,49,23
2019-08-20,28.2,1.5,3,56.3,54,28
2019-08-21,27,1.2,2,67.3,51,34
2019-08-22,26.9,1.7,12,66.5,57,40
2019-08-23,26.2,2.1,12,58.4,49,32
2019-08-24,24.1,1.5,12,60.9,67,22
2019-08-25,25,1.5,2,66.6,54,18
2019-08-26,26.4,1.2,2,63.8,56,24
2019-08-27,25.7,1,13,71.1,70,26
2019-08-28,26.1,1.9,12,66.2,57,26
2019-08-29,23.4,2.2,7,77.1,39,25
2019-08-30,22.6,2.4,9,66.3,47,16
2019-08-31,23.5,1.9,10,65,42,18
2019-09-01,23.7,1.4,15,64,56,18
2019-09-02,24.4,1.6,14,56.6,63,25
2019-09-03,24.1,2.3,16,67.6,55,24
2019-09-04,22.8,2.5,16,89,58,9
2019-09-05,23,2,16,91.4,72,7
2019-09-06,25.3,2.1,16,79.8,77,16
2019-09-07,25.7,6,16,72.9,68,12
2019-09-08,24.7,1.9,7,76.9,78,36
2019-09-09,25.1,1.7,15,74.3,75,38
2019-09-10,23.8,2.4,16,93.4,57,16
2019-09-11,24.3,3.1,16,71.4,35,12
2019-09-12,21,2.6,16,72.3,35,19
2019-09-13,23.3,1.7,16,60.4,47,16
2019-09-14,22.4,1.2,14,80,44,20
2019-09-15,24.2,1.7,15,70.4,64,15
2019-09-16,24.5,2.1,16,53,49,11
2019-09-17,23.5,2.1,16,41.6,55,16
2019-09-18,21,3.1,10,46,56,25
2019-09-19,19.5,1.9,12,46.5,56,20
2019-09-20,19.6,2.1,16,52.8,68,20
2019-09-21,19.6,2,16,60.3,78,16
2019-09-22,18.6,3.8,16,63.4,59,7
2019-09-23,20,2.2,13,51.1,63,16
2019-09-24,19.8,1.8,10,61.3,73,24
2019-09-25,20.9,1.4,15,64.4,75,34
2019-09-26,22.9,1.9,15,59.3,65,30
2019-09-27,22.9,1.9,16,57.5,68,22
2019-09-28,23.7,1.7,10,58.9,77,30
2019-09-29,22.6,1.7,10,60.6,74,40
2019-09-30,22.4,1.6,10,61,64,54
2019-10-01,23.1,1.8,14,67.1,48,46
2019-10-02,21.6,3,16,88,59,24
2019-10-03,22.4,2.8,15,73.4,73,10
2019-10-04,22.4,2.1,16,71.5,48,30
2019-10-05,18.7,2.9,16,72.6,23,39
2019-10-06,18.1,2.9,16,53.4,55,12
2019-10-07,14.8,1.8,16,92,56,12
2019-10-08,14.7,2.6,11,58.8,61,25
2019-10-09,13.6,1.7,10,48.3,83,26
2019-10-10,15.2,1.3,14,60.9,46,30
2019-10-11,18.8,1.9,16,60,43,34
2019-10-12,17.9,3.5,16,49.3,53,25
2019-10-13,17.2,1.9,16,52.6,53,20
2019-10-14,14.4,2.5,11,56.9,24,34
2019-10-15,14.5,1.6,16,55.6,56,26
2019-10-16,14.6,1.6,10,58.3,82,30
2019-10-17,15.4,1.7,16,56,88,29
2019-10-18,17,2.4,16,58.3,121,18
2019-10-19,17,1.8,10,63.8,117,21
2019-10-20,16.5,1.3,14,70.3,75,38
2019-10-21,17.1,1,14,61,119,42
2019-10-22,18.1,1.6,3,56.1,104,38
2019-10-23,17,2.4,3,57.3,100,22
2019-10-24,18.3,2.7,3,47.6,102,26
2019-10-25,16.7,2.4,3,58,27,22
2019-10-26,10,2.5,12,60,54,23
2019-10-27,11,1.6,13,59,79,25
2019-10-28,12.9,2.5,9,65.9,131,32
2019-10-29,12.5,2.3,12,61,98,64
2019-10-30,11.2,1.6,12,60.3,145,26
2019-10-31,14.8,2.3,10,73.8,129,60
2019-11-01,14.9,1.8,13,57.9,111,82
2019-11-02,13.6,1.5,13,57.3,107,66
2019-11-03,14.7,2.1,3,57.8,60,49
2019-11-04,13.8,2.1,3,57.8,62,14
2019-11-05,12.4,1.6,1,65.1,87,34
2019-11-06,11,1.8,13,63.6,105,50
2019-11-07,9.2,2.7,14,42.8,70,48
2019-11-08,6.8,1.9,13,31.4,95,45
2019-11-09,9.5,1.6,13,41.4,134,42
2019-11-10,10,2.1,3,59.6,82,40
2019-11-11,11.2,2.4,13,71.6,76,25
2019-11-12,9.3,1.4,1,63.6,96,38
2019-11-13,7.2,2.8,2,72.3,85,35
2019-11-14,1.3,2.9,13,30.6,77,20
2019-11-15,5.6,2,3,87.4,89,25
2019-11-16,6.8,1.6,2,81.3,191,38
2019-11-17,8.3,3.1,3,79.4,126,29
2019-11-18,4.6,3.9,12,59.8,110,62
2019-11-19,0.2,2.8,13,48,119,30
2019-11-20,0.5,1.8,13,35.5,112,24
2019-11-21,4.2,1.9,2,37.4,75,40
2019-11-22,9.7,2.1,3,34.1,62,46
2019-11-23,12.1,1.8,3,52,68,33
2019-11-24,9.8,2.2,2,74.6,43,33
2019-11-25,1.9,2.7,13,62.1,45,29
2019-11-26,6.6,2,13,64,82,28
2019-11-27,3.1,2.7,14,50.8,72,42
2019-11-28,3.5,2,13,52.4,45,42
2019-11-29,1.5,2,13,42.8,78,47
2019-11-30,4.1,1.7,3,42.6,86,47
2019-12-01,4.6,1.6,2,79.4,67,46
2019-12-02,-0.1,3.1,13,48,55,24
2019-12-03,0.5,1.6,1,61.3,72,32
2019-12-04,2,1.8,13,41.6,90,32
2019-12-05,-4.4,3.2,14,31.9,62,26
2019-12-06,-5.9,1.7,13,34.5,71,34
2019-12-07,-2.4,1.7,2,65,122,54
2019-12-08,-0.9,1.4,3,65.1,129,60
2019-12-09,3.2,2.5,3,56.8,261,70
2019-12-10,8.1,1.2,2,82.3,214,102
2019-12-11,6.3,3.4,12,62,106,74
2019-12-12,-0.7,1.8,13,45.4,68,22
2019-12-13,2.1,2,2,53.6,85,28
2019-12-14,2.7,2.3,13,58.3,60,44
2019-12-15,5.3,2,4,52.5,77,40
2019-12-16,7.8,1.9,3,58.9,71,40
2019-12-17,7.7,2.3,13,81.4,56,34
2019-12-18,0.8,2.5,12,64.6,40,42
2019-12-19,-0.8,2.4,13,47.8,72,30
2019-12-20,-1.1,2.3,15,45.3,81,32
2019-12-21,-1.2,1.7,2,68.1,107,41
2019-12-22,4.1,1.7,3,63.4,140,64
2019-12-23,3.4,2,14,80.4,106,58
2019-12-24,0.8,1.4,2,67.9,79,74
2019-12-25,2,1,2,60.8,91,56
2019-12-26,2,2.4,13,59,69,51
2019-12-27,-1.7,2.1,15,45.4,68,38
2019-12-28,1.1,2,3,47.6,68,48
2019-12-29,3.8,2.9,3,52.5,68,48
2019-12-30,2.7,2.9,14,70.3,68,43
2019-12-31,-7.9,3.1,13,39.3,68,31
2020-01-01,-2.2,0.6,2,64.4,68,38
2020-01-02,1,1.2,2,65.4,120,64
2020-01-03,-0.1,1.7,13,56.9,171,71
2020-01-04,1.2,1.9,2,50.8,196,60
2020-01-05,1.3,1.1,2,45.6,212,59
2020-01-06,3.1,3.1,3,65.4,56,44
2020-01-07,6.3,4,3,95,34,10
2020-01-08,2.4,3.3,12,86.1,55,30
2020-01-09,-1.2,2.3,13,65.3,69,53
2020-01-10,-0.6,1.5,13,62.9,90,67
2020-01-11,-0.1,1.9,13,60.9,87,58
2020-01-12,-1,2.4,13,61.5,63,50
2020-01-13,-2.9,2.3,13,51,96,28
2020-01-14,-2.3,1.6,13,45.3,67,34
2020-01-15,-2.7,1.9,12,44.8,85,41
2020-01-16,-1.7,1.6,14,43,107,44
2020-01-17,-0.6,1.5,13,43.9,137,62
2020-01-18,0.3,1.8,12,48.1,122,64
2020-01-19,1.9,2.2,12,62.8,120,66
2020-01-20,0.7,2.5,12,46.8,77,55
2020-01-21,-0.4,1.4,14,36.9,88,48
2020-01-22,3,1.7,2,36,96,50
2020-01-23,4.6,2,13,49.3,148,66
2020-01-24,2.8,1.7,13,63,63,74
2020-01-25,4.3,1.5,13,63.1,62,55
2020-01-26,5.5,2.7,3,56.3,72,29
2020-01-27,5.9,4.6,3,48.1,59,10
2020-01-28,6.8,2.6,2,49.4,94,12
2020-01-29,6,2.1,3,46.4,55,16
2020-01-30,5.2,1.8,3,47,43,18
2020-01-31,3.9,2.3,12,59.6,63,32
2020-02-01,2.6,1.7,13,66.6,75,74
2020-02-02,1.5,1.8,13,52.3,67,78
2020-02-03,-0.4,3.1,12,43.6,56,30
2020-02-04,-1.6,2.8,14,50.3,50,30
2020-02-05,-8.3,3.3,14,37.3,29,28
2020-02-06,-6.4,1.9,13,36.4,53,45
2020-02-07,-1.7,2,13,45.1,78,42
2020-02-08,-0.1,3,14,48.1,84,47
2020-02-09,-0.5,2,12,51.1,92,41
2020-02-10,4,1.7,13,49.4,65,53
2020-02-11,6.8,1.6,2,37,63,64
2020-02-12,7.4,2.2,3,73.4,64,57
2020-02-13,6.5,1.7,13,84.8,52,78
2020-02-14,8.1,1.2,13,70.3,45,87
2020-02-15,9.8,2.7,3,63,17,70
2020-02-16,-1.4,4,12,81.1,16,42
2020-02-17,-5.9,3.4,14,64.3,19,30
2020-02-18,-4.1,2.3,13,44,33,28
2020-02-19,1,1.5,2,56.8,36,40
2020-02-20,4.6,1.7,2,62.6,70,68
2020-02-21,6.7,2.2,9,66.3,99,69
2020-02-22,4,4,12,62,56,70
2020-02-23,2.5,2,12,48.6,87,26
2020-02-24,7,1.6,2,51.8,90,41
2020-02-25,6.7,4.2,3,73.5,53,25
2020-02-26,6.4,2.1,2,59.6,39,20
2020-02-27,6.1,2,3,54,43,16
2020-02-28,4.5,1.4,2,79.4,56,30
2020-02-29,7.7,1.7,2,68.6,73,26
2020-03-01,5.8,2,12,71.8,70,53
2020-03-02,3.4,2.7,13,55.3,65,42
2020-03-03,4.8,2.6,3,57,62,48
2020-03-04,2.2,3.7,12,53.4,31,49
2020-03-05,1.4,2.5,12,47.5,66,41
2020-03-06,3.7,1.6,2,46.8,65,46
2020-03-07,7,2,3,39.5,93,68
2020-03-08,9.3,1.6,13,43.8,123,66
2020-03-09,11.1,1.8,14,37.6,73,66
2020-03-10,6.4,2.8,13,78.4,63,48
2020-03-11,3.8,3.3,12,41.8,89,34
2020-03-12,6.8,2.5,11,49.8,74,36
2020-03-13,4.9,3.3,14,41,44,34
2020-03-14,3.6,3,11,48.1,71,44
2020-03-15,4,3.6,14,48.3,64,44
2020-03-16,3.6,2.8,11,42.4,66,26
2020-03-17,6.6,2.1,10,65.8,78,48
2020-03-18,10,1.8,11,45.8,154,62
2020-03-19,9.1,4.8,12,49,68,58
2020-03-20,8.8,3.1,9,39.6,102,38
2020-03-21,12.8,2,8,56.5,110,49
2020-03-22,11,3,13,37.5,64,40
2020-03-23,10.6,1.9,12,37.9,103,51
2020-03-24,11.4,1.8,12,35,77,61
2020-03-25,12.5,1.9,13,33.6,69,54
2020-03-26,14.8,1.9,3,53.8,52,56
2020-03-27,11.9,3.3,13,56.4,36,46
2020-03-28,7.7,3.2,16,17.9,50,34
2020-03-29,8.7,2,13,30.6,71,44
2020-03-30,10.2,1.8,12,38.4,62,59
2020-03-31,11.9,2,12,34.5,62,52
2020-04-01,11.3,3.7,13,35.6,62,73
2020-04-02,9.3,2.3,11,41.4,77,42
2020-04-03,10,2.7,12,53.8,76,60
2020-04-04,8.9,3.4,13,36.4,104,64
2020-04-05,7.2,2.8,12,29.5,88,48
2020-04-06,9.3,2.4,13,38.3,79,56
2020-04-07,10.6,2.5,12,56.6,93,58
2020-04-08,9.4,3.5,13,25.5,96,44
2020-04-09,8.9,2.8,12,44.6,37,50
2020-04-10,10.7,2.4,13,52.6,53,44
2020-04-11,9.9,2.5,13,63.8,65,42
2020-04-12,9.9,3.8,4,58.6,74,34
2020-04-13,12.4,3.1,3,39.4,80,22
2020-04-14,13,2.4,13,46.8,82,54
2020-04-15,13.2,2.2,13,39.8,66,68
2020-04-16,16,2.3,4,39.9,83,58
2020-04-17,12.5,2.4,5,77.8,76,44
2020-04-18,13.5,2.6,14,67.9,91,31
2020-04-19,12.3,2.7,4,75.8,59,27
2020-04-20,10,3.3,11,73,58,18
2020-04-21,7.4,4.4,13,49,46,33
2020-04-22,6,4,13,46.8,52,68
2020-04-23,7.9,3.7,13,47.8,46,44
2020-04-24,9.9,3.9,12,55.6,75,40
2020-04-25,13.1,3.9,11,54.4,73,54
2020-04-26,12.3,3.2,13,43.1,64,34
2020-04-27,12.9,2.8,14,49.8,68,37
2020-04-28,13.9,3,11,50,73,42
2020-04-29,14.9,2.6,13,48.6,66,52
2020-04-30,17.1,2.7,11,57.1,65,39
2020-05-01,20.2,2.7,12,73.6,64,52
2020-05-02,20.3,2.3,13,79.6,61,48
2020-05-03,21.8,2,4,68.8,89,29
2020-05-04,20.2,2.7,13,63.9,39,38
2020-05-05,16,1.9,13,67.9,41,37
2020-05-06,19.4,2.1,3,50,62,36
2020-05-07,20.7,2.5,4,32.5,44,32
2020-05-08,19.9,2.4,7,32.8,15,32
2020-05-09,14.2,3.6,4,94.4,23,15
2020-05-10,14.4,2.5,11,88.6,48,34
2020-05-11,16.5,3,11,61,42,98
2020-05-12,14.3,2.9,11,69.4,51,43
2020-05-13,16.1,2.8,12,47.3,92,34
2020-05-14,19.3,2,4,35.4,75,42
2020-05-15,16.1,3,4,81.4,83,32
2020-05-16,16.7,1.6,13,90.3,82,27
2020-05-17,19.1,1.7,14,80.1,110,41
2020-05-18,19.1,2.4,6,79.4,61,39
2020-05-19,13,3.2,2,73.6,57,12
2020-05-20,14.4,1.9,4,60.4,70,12
2020-05-21,17.4,2.1,4,56.1,70,24
2020-05-22,18.5,1.9,13,68.5,60,52
2020-05-23,20.1,2.2,13,66.1,79,52
2020-05-24,17.1,2.9,10,84.8,64,28
2020-05-25,16.6,2.1,14,81,68,44
2020-05-26,16.2,2.1,13,81.9,41,47
2020-05-27,17.4,2.6,14,68.5,60,22
2020-05-28,18.7,1.9,14,62.8,58,28
2020-05-29,20.7,2,13,65.6,65,34
2020-05-30,22.6,1.9,13,57.3,47,38
2020-05-31,21.2,2.3,14,63,48,38
2020-06-01,19.7,3.4,13,64.3,65,24
2020-06-02,17.9,2.2,13,71,95,27
2020-06-03,22,2.4,13,73.3,117,54
2020-06-04,21.9,2.7,11,81.1,106,61
2020-06-05,23,1.8,13,69.4,103,46
2020-06-06,24.6,2,13,63.6,101,52
2020-06-07,22.7,2.3,13,69.4,83,44
2020-06-08,25,2.1,13,63.6,77,41
2020-06-09,26.7,2.3,14,51.6,63,49
2020-06-10,25.8,2,13,63.8,50,48
2020-06-11,26.1,2.2,13,68.3,82,30
2020-06-12,24.7,1.7,13,68.6,55,47
2020-06-13,26.9,1.9,13,52.8,65,53
2020-06-14,24,2.9,12,70.6,60,41
2020-06-15,23,2.8,12,62.3,70,33
2020-06-16,24.4,2.2,13,63,73,57
2020-06-17,24.3,2,13,58.6,58,53
2020-06-18,23.4,1.6,14,61.4,62,40
2020-06-19,24.7,2.1,3,61.4,70,28
2020-06-20,24.9,2.1,13,62.6,57,41
2020-06-21,26.1,2,14,59.5,56,38
2020-06-22,28.6,2,13,50.5,49,42
2020-06-23,27.3,1.9,12,53.5,16,46
2020-06-24,22.3,2.7,2,83.5,19,36
2020-06-25,21.6,2.2,8,91,54,20
2020-06-26,21.8,3.2,10,82.1,39,28
2020-06-27,24.1,2,11,70.4,63,28
2020-06-28,25.2,2.4,12,70.5,83,35
2020-06-29,23.8,2.4,2,77,44,42
2020-06-30,20.1,4,14,83,51,9
2020-07-01,21.1,1.9,12,79.3,72,22
2020-07-02,24.2,1.9,5,74.5,48,52
2020-07-03,25.5,2.6,2,63.5,25,38
2020-07-04,24.2,2.1,12,63.9,41,23
2020-07-05,23.8,1.9,11,68.6,51,31
2020-07-06,25.6,2.1,12,66.6,45,28
2020-07-07,24.1,2.5,12,75.5,49,22
2020-07-08,25.5,2,12,71.9,52,36
2020-07-09,27.5,1.7,5,64.6,69,38
2020-07-10,24.5,2.8,2,75,76,30
2020-07-11,25.8,2.6,2,62.6,80,8
2020-07-12,23.5,2.4,3,71.9,18,14
2020-07-13,18.7,4,3,94.8,18,8
2020-07-14,20.3,2.8,2,79.4,56,7
2020-07-15,23.4,2,2,63.1,66,12
2020-07-16,25,1.8,12,70.9,68,28
2020-07-17,26,1.9,11,72,67,38
2020-07-18,26.1,1.6,12,71.6,29,35
2020-07-19,24,2.7,2,81.6,21,16
2020-07-20,23.8,3.7,9,86.3,50,14
2020-07-21,25,1.6,12,77,47,34
2020-07-22,23.7,1.6,2,89.3,53,24
2020-07-23,21.1,3.6,2,95.5,30,14
2020-07-24,22.5,4.6,2,74.3,48,6
2020-07-25,24.3,3.1,2,69.3,63,5
2020-07-26,25.4,2,2,69.3,52,10
2020-07-27,24.3,2.2,2,86.4,78,14
2020-07-28,24.4,2,2,84.8,74,13
2020-07-29,23.7,2,2,95.8,71,12
2020-07-30,25.3,2.1,10,85.5,62,19
2020-07-31,26.2,2,11,81.9,33,23
2020-08-01,25.3,1.7,10,90.9,43,14
2020-08-02,24.9,2.3,8,96.3,23,11
2020-08-03,25,3,9,96.3,38,13
2020-08-04,27,3.5,9,89.3,24,36
2020-08-05,26.5,1.9,2,92.1,38,33
2020-08-06,24.1,3.3,9,92.8,24,17
2020-08-07,24.3,1.8,2,85.3,14,37
2020-08-08,24.2,2.3,3,89.5,45,14
2020-08-09,24.9,2.6,9,95.4,66,10
2020-08-10,26.5,2,9,91.6,71,13
2020-08-11,24.6,2.2,9,92.5,67,11
2020-08-12,27.2,1.9,2,83.9,58,25
2020-08-13,28,2.5,9,82.4,25,28
2020-08-14,27.1,3.5,9,86.1,36,32
2020-08-15,26.1,1.9,9,96,26,36
2020-08-16,27.4,3,9,82.6,61,23
2020-08-17,28.2,2.3,9,77.9,53,29
2020-08-18,27.5,1.6,12,76.3,53,33
2020-08-19,27.1,2,12,76.8,47,44
2020-08-20,27.7,1.7,11,76,15,39
2020-08-21,26.6,1.6,2,83.1,30,30
2020-08-22,24.3,2.1,2,87.4,45,14
2020-08-23,25.3,1.9,12,78.4,62,10
2020-08-24,27.8,2.2,2,71.6,40,26
2020-08-25,29.9,2.1,9,69.5,47,27
2020-08-26,30.2,3.4,3,68.3,35,19
2020-08-27,27.1,3.6,5,84.6,38,17
2020-08-28,27.3,1.6,12,89.1,55,23
2020-08-29,26.8,1.3,2,90.1,72,15
2020-08-30,26.8,2.1,9,88.8,64,14
2020-08-31,26.4,2.8,2,77.9,49,10
2020-09-01,26.6,1.9,5,72.4,55,16
2020-09-02,24.3,2.3,2,91.3,56,14
2020-09-03,22.7,4.8,9,82,46,13
2020-09-04,23.3,2.7,9,63.9,56,20
2020-09-05,23.3,2,2,66.6,67,30
2020-09-06,21.7,2.7,2,80,71,21
2020-09-07,19.2,4.2,2,93.5,80,6
2020-09-08,23.4,4.2,10,71.5,51,26
2020-09-09,21.1,2.1,8,83.4,58,28
2020-09-10,22.8,2,2,75.8,63,26
2020-09-11,22.4,2.8,2,72.6,29,24
2020-09-12,20.2,2,2,83.8,51,9
2020-09-13,21.5,1.9,2,70.4,47,7
2020-09-14,21.3,1.8,12,79.3,62,26
2020-09-15,23,1.6,2,76.4,43,40
2020-09-16,22.5,1.9,8,79.9,46,25
2020-09-17,21.3,2.1,12,70.3,53,22
2020-09-18,21.5,2.8,11,62,53,22
2020-09-19,21.2,2.2,11,59.3,74,19
2020-09-20,19.7,2,13,57.6,76,18
2020-09-21,19.1,1.7,2,56.1,70,24
2020-09-22,20.2,2.8,2,55.3,84,14
2020-09-23,19.2,3.3,2,59.9,64,9
2020-09-24,20.6,3.7,2,59.6,65,10
2020-09-25,20.1,2.5,2,64.1,70,13
2020-09-26,19.3,2.4,2,62.5,67,14
2020-09-27,20.4,2,2,63.3,71,14
2020-09-28,20.7,2,2,66,67,23
2020-09-29,19.6,1.9,13,67.6,59,36
2020-09-30,19.6,1.7,1,78,47,31
2020-10-01,18.8,2.1,2,74.9,66,16
2020-10-02,19.2,2.3,8,79.6,59,30
2020-10-03,19.9,1.6,12,72.5,68,46
2020-10-04,16.6,2.8,12,65.1,57,31
2020-10-05,13.3,2.5,12,57.3,47,28
2020-10-06,14.2,2,13,55.9,72,27
2020-10-07,16,1.9,2,48.9,95,28
2020-10-08,17.2,3.1,2,53,81,17
2020-10-09,17.2,3,3,53.4,76,18
2020-10-10,16.9,2,3,60.1,108,21
2020-10-11,16.9,1.8,2,68.5,110,30
2020-10-12,16.2,2.2,11,68.6,50,44
2020-10-13,13.6,2.2,12,52.3,83,30
2020-10-14,12.8,2.4,13,47,53,40
2020-10-15,11.7,1.5,2,41.8,60,35
2020-10-16,11.8,1.5,2,64.3,70,46
2020-10-17,13.1,1.8,12,64.3,65,42
2020-10-18,13.6,2,1,65.5,76,38
2020-10-19,15.1,1.7,1,74.4,111,89
2020-10-20,15.2,1.6,1,67.1,104,92
2020-10-21,14.1,1.9,2,69.4,120,47
2020-10-22,13.5,2.8,2,66,104,80
2020-10-23,8.6,3,12,51.5,56,31
2020-10-24,8.7,2.5,12,47.6,73,33
2020-10-25,11.8,1.7,1,62.5,81,39
2020-10-26,12.9,1.6,1,71.6,115,63
2020-10-27,14,1.8,12,74.1,103,94
2020-10-28,13.8,2.5,12,52.1,67,57
2020-10-29,10.8,2,12,40.3,106,42
2020-10-30,11.9,1.5,2,42.9,102,51
2020-10-31,13.6,2.6,9,60.3,79,32
2020-11-01,13.7,2.3,9,84.3,124,58
2020-11-02,10.8,2.3,12,58.3,102,54
2020-11-03,5.1,3.5,12,47.5,74,25
2020-11-04,4.9,2.3,12,43.9,87,36
2020-11-05,9.6,1.8,2,61.5,70,46
2020-11-06,13.5,1.7,2,63.3,73,57
2020-11-07,14.6,2.7,10,68.8,125,96
2020-11-08,8.5,3.1,12,43.8,69,64
2020-11-09,5.5,1.8,12,40.9,91,32
2020-11-10,7.7,2.2,12,56.1,113,32
2020-11-11,9.3,1.6,2,53.5,99,54
2020-11-12,10.4,1.7,1,56.9,85,76
2020-11-13,12.2,1.6,1,71.5,125,92
2020-11-14,12.5,1.7,2,66.9,129,90
2020-11-15,11.1,1.7,1,75,104,93
2020-11-16,12.4,1.6,2,70.1,116,88
2020-11-17,15.9,2.3,3,67.5,70,76
2020-11-18,16.6,2.6,2,91.4,24,44
2020-11-19,13.6,4.2,12,90.5,34,18
2020-11-20,2.8,3.2,13,74.3,38,28
2020-11-21,6.5,2.1,2,67.9,35,37
2020-11-22,5.6,2.5,12,80.5,27,43
2020-11-23,1.7,2.3,13,61.4,43,34
2020-11-24,2.9,1.8,1,54.5,90,34
2020-11-25,4.6,1.5,12,64.1,127,50
2020-11-26,5.6,1.7,12,66.5,76,74
2020-11-27,4.1,2.7,12,61.6,37,54
2020-11-28,-0.1,2.8,13,50,43,26
2020-11-29,-0.6,2.2,12,59.6,91,32
2020-11-30,-0.2,1.9,12,57.8,92,37
2020-12-01,1.1,1.9,13,44.5,68,38
2020-12-02,2.4,1.8,12,41.4,86,39
2020-12-03,0.7,2.7,13,47.1,46,33
2020-12-04,-0.6,1.8,13,53.8,81,38
2020-12-05,2.1,1.7,1,63.1,117,48
2020-12-06,4.5,1.8,2,66.9,96,61
2020-12-07,3.4,2.6,12,57.5,64,66
2020-12-08,-0.5,2,14,50,67,30
2020-12-09,1.5,1.5,2,55.1,89,48
2020-12-10,5.8,1.7,2,69.9,121,86
2020-12-11,5.3,1.8,12,77.1,174,83
2020-12-12,2.3,2.1,12,51.3,186,62
2020-12-13,-1.1,2.9,12,74.9,68,45
2020-12-14,-7.7,3.4,13,49.1,36,27
2020-12-15,-8.3,2.8,13,43,69,22
2020-12-16,-8.3,2.6,13,43.9,87,26
2020-12-17,-4.9,1.7,1,47,95,32
2020-12-18,-2.1,3,2,57,84,42
2020-12-19,-5.1,2.4,12,45.1,59,32
2020-12-20,-3.7,2,12,50.4,89,31
2020-12-21,-1,1.6,1,64.1,99,49
2020-12-22,2,2,1,67.6,90,64
2020-12-23,4.5,2.3,2,76.6,87,83
2020-12-24,2.6,2.9,12,61.5,98,68
2020-12-25,-0.8,2.1,11,51.9,87,30
2020-12-26,2.2,1.8,1,65.8,112,62
2020-12-27,5.8,1.8,3,62.9,128,73
2020-12-28,6.7,1.4,2,72.1,171,76
2020-12-29,0.1,2.9,12,70.8,39,79
2020-12-30,-10.9,4.1,12,55.5,48,42
2020-12-31,-8.9,2.4,12,53.9,53,32
2021-01-01,-4.2,2,12,64,55,32
2021-01-02,-5,2.6,12,38.5,118,39
2021-01-03,-5.6,2,12,45,118,44
2021-01-04,-3.5,1.7,2,51.4,118,46
2021-01-05,-5.5,2.9,13,52.8,42,34
2021-01-06,-7.4,2.4,12,54.6,112,28
2021-01-07,-14.5,4.1,12,49.9,52,44
2021-01-08,-14.9,3.3,13,44,63,23
2021-01-09,-12.2,2.6,12,46.3,80,30
2021-01-10,-7.7,1.3,13,54.4,58,41
2021-01-11,-6.7,1.9,2,62.1,89,54
2021-01-12,-3.9,1.8,2,79.5,146,72
2021-01-13,2,2.4,2,80.3,116,112
2021-01-14,1.7,2.3,3,46.5,132,83
2021-01-15,4.5,3,2,67.4,124,86
2021-01-16,-4.9,3.3,13,59.3,62,52
2021-01-17,-5.5,2.3,12,58.5,87,22
2021-01-18,-3.8,3.2,13,64.3,88,42
2021-01-19,-6.3,1.8,13,37.9,73,38
2021-01-20,-0.1,2.2,2,37.8,79,52
2021-01-21,4.5,2.3,3,64.4,133,62
2021-01-22,5.5,1.7,2,92.9,125,53
2021-01-23,7.6,4.2,3,66,75,9
2021-01-24,7.3,2.1,3,63.9,128,15
2021-01-25,7.9,1.9,3,62,158,28
2021-01-26,5.3,1.9,2,80.4,119,56
2021-01-27,1.7,2.2,12,47.6,94,45
2021-01-28,-2.6,4,12,52.3,73,44
2021-01-29,-8.8,3.5,12,40,108,28
2021-01-30,-1.6,2.5,2,60,117,59
2021-01-31,3.2,2,3,57,108,64
2021-02-01,5,2.7,2,74.5,82,76
2021-02-02,-5.6,3.9,12,44.1,81,36
2021-02-03,-3.2,2.2,9,64.6,96,40
2021-02-04,-3.6,2.5,12,50.1,79,30
2021-02-05,1.4,2.4,9,71.8,88,34
2021-02-06,6.8,2.2,9,80.4,105,81
2021-02-07,3.6,2.9,12,67,62,92
2021-02-08,-3.1,3.4,13,43.6,62,32
2021-02-09,-0.9,2,11,51.9,62,28
2021-02-10,3.4,2.1,10,75.1,78,46
2021-02-11,5.5,1.3,3,71.5,89,84
2021-02-12,6.5,1.7,1,60.6,50,98
2021-02-13,7.6,1.5,1,50.6,46,97
2021-02-14,9.5,1.7,3,47.6,63,94
2021-02-15,1.2,4,11,65.1,33,64
2021-02-16,-5.1,3.2,12,57.9,50,30
2021-02-17,-8.3,5,12,44.1,36,54
2021-02-18,-5.8,3.1,12,44.9,61,51
2021-02-19,1.6,2.9,9,66.9,74,58
2021-02-20,8.8,2.1,9,60.4,87,82
2021-02-21,10.8,2.8,2,66.6,76,88
2021-02-22,7.8,2.9,13,58.3,71,63
2021-02-23,0,2.9,13,34,59,60
2021-02-24,2.9,1.8,2,33,59,60
2021-02-25,4.2,1.4,2,35.1,59,65
2021-02-26,8.2,2.3,2,35,87,42
2021-02-27,9.5,3.4,4,48.6,96,20
2021-02-28,7.8,2.1,2,49,54,28
2021-03-01,4.7,3.5,2,91,24,16
2021-03-02,2.3,1.9,2,75.9,65,14
2021-03-03,4.4,1.8,1,64.4,61,50
2021-03-04,7.2,1.9,2,62.4,57,58
2021-03-05,9,2.1,11,70.3,82,50
2021-03-06,6.6,3.3,2,69.5,49,36
2021-03-07,6.2,2.8,2,62.9,61,30
2021-03-08,7,1.8,12,60.3,134,51
2021-03-09,6.6,2.2,11,58.5,132,56
2021-03-10,8.8,1.8,2,61.8,104,103
2021-03-11,10.2,1.8,12,50.8,87,126
2021-03-12,10.5,2.2,2,57,73,74
2021-03-13,9.2,2.2,12,62.8,89,64
2021-03-14,9.1,2.2,11,71.4,94,92
2021-03-15,10.6,2.4,10,68.8,358,100
2021-03-16,8.4,3.2,13,52.5,571,102
2021-03-17,8.8,1.8,2,44.9,215,100
2021-03-18,11.7,1.8,2,50.1,82,106
2021-03-19,15.3,2.2,3,47.9,77,76
2021-03-20,9.9,2.2,5,74.6,89,38
2021-03-21,5.8,4,12,65.9,58,52
2021-03-22,6.2,3.2,11,55.3,87,45
2021-03-23,9.1,2.5,9,63.5,79,90
2021-03-24,10.8,2.4,12,61.5,99,74
2021-03-25,11.9,2.2,12,68.5,132,77
2021-03-26,12.6,1.4,11,58.4,96,124
2021-03-27,12.1,2.5,3,70.9,99,82
2021-03-28,9,3.3,9,95.8,439,19
2021-03-29,10.2,3.3,11,62.3,277,298
2021-03-30,10.8,2.2,12,47.3,131,148
2021-03-31,14.5,1.8,2,41,110,49
2021-04-01,17.7,3.5,2,33,74,48
2021-04-02,17.8,3.2,3,35.6,46,52
2021-04-03,14.9,3.1,2,80.8,35,42
2021-04-04,11.9,3.2,2,65.8,70,10
2021-04-05,11.9,2.4,1,47.9,77,26
2021-04-06,13.9,2.5,11,50.9,85,49
2021-04-07,14.1,2.5,11,47.5,108,64
2021-04-08,13,2.7,12,34,74,39
2021-04-09,13.6,2.7,2,39.3,99,38
2021-04-10,12.6,2.6,11,50,83,40
2021-04-11,15,1.7,1,45.4,57,53
2021-04-12,13.8,2.4,3,70.4,58,50
2021-04-13,10.4,3.7,12,74,45,20
2021-04-14,8.4,2.9,12,58.5,63,39
2021-04-15,11.6,2.1,12,62.3,117,61
2021-04-16,11.3,2.6,9,60,426,82
2021-04-17,9.6,2.6,10,56.6,55,89
2021-04-18,9.9,3.2,11,64.3,68,42
2021-04-19,12.2,2.4,9,65.3,69,57
2021-04-20,14.8,1.9,12,55.1,84,67
2021-04-21,19.1,1.8,12,43.1,61,75
2021-04-22,20.9,2.5,2,37.9,56,74
2021-04-23,19,3.2,2,41.4,52,42
2021-04-24,18.3,2.7,2,43,51,24
2021-04-25,18.2,2.7,2,50,58,26
2021-04-26,16.2,2.6,5,51.8,79,30
2021-04-27,15.4,2.3,9,62.4,133,34
2021-04-28,14.5,2.4,9,64.1,84,58
2021-04-29,14.6,2.3,2,54.1,101,61
2021-04-30,11.3,2.4,9,81.8,77,38
2021-05-01,10.2,2.7,12,80.8,64,30
2021-05-02,12.4,3.1,12,67.9,67,18
2021-05-03,14.1,2.1,9,56.4,58,39
2021-05-04,13.8,2.1,2,82.6,94,33
2021-05-05,13.9,3.5,11,64.4,81,40
2021-05-06,15.7,2.4,2,46.4,116,62
2021-05-07,14.4,3.4,10,60.3,386,302
2021-05-08,14.3,3.4,11,66.1,253,393
2021-05-09,15.7,3.5,12,51.3,81,50
2021-05-10,13.2,1.8,2,67.9,73,23
2021-05-11,18.5,2.7,5,48.9,60,22
2021-05-12,22,2.2,3,39.5,83,24
2021-05-13,22.9,1.9,11,54.4,59,46
2021-05-14,24.1,1.7,2,60.3,50,57
2021-05-15,22.1,1.7,2,79.5,51,56
2021-05-16,18.4,2.5,2,97.6,36,10
2021-05-17,15.3,1.6,2,93,47,14
2021-05-18,17.9,1.7,12,70.5,49,35
2021-05-19,19.9,1.8,12,52.3,61,38
2021-05-20,18.7,2.5,2,59.8,48,26
2021-05-21,16,1.7,13,86.5,55,18
2021-05-22,18.6,2.5,11,69.3,62,34
2021-05-23,19.5,1.7,12,64.4,94,45
2021-05-24,19.4,2.7,11,61,137,100
2021-05-25,15.3,3.2,11,72.3,83,85
2021-05-26,18,2.9,9,58.5,81,47
2021-05-27,15.8,2.8,9,83,79,48
2021-05-28,15.3,2.6,11,86,45,45
2021-05-29,15.4,2.2,2,79.8,70,21
2021-05-30,18.4,2.1,2,73,67,27
2021-05-31,19.9,1.8,2,78.9,86,38
2021-06-01,20.2,2.2,2,74.6,63,46
2021-06-02,23.2,2.1,2,64.4,65,58
2021-06-03,19.1,1.8,12,80.8,55,40
2021-06-04,18.5,2.9,9,69.4,56,31
2021-06-05,20.8,3.3,9,68.1,52,52
2021-06-06,23,2.2,9,69.6,63,66
2021-06-07,21.1,1.7,8,71.5,73,42
2021-06-08,23.6,1.7,2,69.6,83,51
2021-06-09,25.8,1.6,2,59.1,62,44
2021-06-10,24.9,2.2,2,68.5,65,56
2021-06-11,21.5,2.8,10,84.5,70,25
2021-06-12,24.2,1.8,12,74.6,67,28
2021-06-13,24.8,2,11,72.6,62,34
2021-06-14,24.8,2.1,11,68.8,35,48
2021-06-15,22.5,2.3,2,79.1,33,33
2021-06-16,24.3,3.6,2,59.9,28,14
2021-06-17,21.9,2.4,2,71.4,36,22
2021-06-18,20,2.5,9,92.1,53,24
2021-06-19,22.3,1.8,12,74,50,56
2021-06-20,22.9,2.8,10,73.3,60,57
2021-06-21,23.6,2.2,12,67,60,50
2021-06-22,22.8,2.1,2,67.9,61,28
2021-06-23,22.4,2.4,2,70.5,58,20
2021-06-24,23,1.9,2,71.1,66,36
2021-06-25,24.1,2,12,69,55,47
2021-06-26,22.8,1.8,2,78.5,47,26
2021-06-27,24.5,2,2,72.1,54,22
2021-06-28,23.7,1.9,2,76.4,60,22
2021-06-29,23.9,1.8,2,78.6,32,32
2021-06-30,24.3,1.3,1,77.9,38,46
